ts,hour_utc,coin,spread,cost54,cost109
1789271076,3,BTC,0.000001,0.000001,0.000001
1789271076,3,ETH,0.000004,0.000002,0.000002
1789271076,3,SOL,0.000098,0.000049,0.000049
1789271076,3,ADA,0.000967,0.000483,0.000483
1789271076,3,LINK,0.000261,0.000199,0.000208
1789271076,3,AVAX,0.000270,0.000135,0.000135
1789271076,3,XRP,0.000073,0.000145,0.000164
1789271076,3,DOT,0.000396,0.000264,0.000365
1789271076,3,XLM,0.001833,0.001028,0.001056
1789271076,3,SUI,0.000415,0.000208,0.000208
1789271076,3,HYPE,0.000101,0.000061,0.000075
1789271076,3,ZEC,0.000397,0.000206,0.000224
1789271076,3,AAVE,0.001568,0.000844,0.000853
1789271076,3,TAO,0.000427,0.000213,0.000213
1789271076,3,NEAR,0.000426,0.000213,0.000213
1789271076,3,BILL,0.005265,0.003273,0.003330
1789271687,3,BTC,0.000001,0.000001,0.000001
1789271687,3,ETH,0.000004,0.000002,0.000002
1789271687,3,SOL,0.000197,0.000098,0.000098
1789271687,3,ADA,0.000484,0.000242,0.000242
1789271687,3,LINK,0.000261,0.000199,0.000209
1789271687,3,AVAX,0.000540,0.000270,0.000313
1789271687,3,XRP,0.000073,0.000037,0.000037
1789271687,3,DOT,0.000099,0.000394,0.000489
1789271687,3,XLM,0.001947,0.001011,0.001020
1789271687,3,SUI,0.000415,0.000208,0.000208
1789271687,3,HYPE,0.000164,0.000084,0.000089
1789271687,3,ZEC,0.000009,0.000004,0.000004
1789271687,3,AAVE,0.001177,0.000802,0.001050
1789271687,3,TAO,0.000426,0.000213,0.000213
1789271687,3,NEAR,0.000853,0.000426,0.000426
1789271687,3,BILL,0.004528,0.003513,0.003645
1789272131,4,BTC,0.000001,0.000001,0.000001
1789272131,4,ETH,0.000004,0.000002,0.000002
1789272131,4,SOL,0.000099,0.000049,0.000049
1789272131,4,ADA,0.000485,0.000242,0.000242
1789272131,4,LINK,0.000262,0.000131,0.000131
1789272131,4,AVAX,0.000541,0.000270,0.000314
1789272131,4,XRP,0.000073,0.000037,0.000037
1789272131,4,DOT,0.000099,0.000699,0.000772
1789272131,4,XLM,0.001502,0.000788,0.000798
1789272131,4,SUI,0.000554,0.000325,0.000371
1789272131,4,HYPE,0.000139,0.000070,0.000110
1789272131,4,ZEC,0.000079,0.000041,0.000045
1789272131,4,AAVE,0.000787,0.000665,0.000726
1789272131,4,TAO,0.000854,0.000427,0.000427
1789272131,4,NEAR,0.000427,0.000213,0.000213
1789272131,4,BILL,0.006038,0.003643,0.003709
1789272743,4,BTC,0.000001,0.000001,0.000001
1789272743,4,ETH,0.000004,0.000002,0.000002
1789272743,4,SOL,0.000197,0.000098,0.000098
1789272743,4,ADA,0.000483,0.000242,0.000242
1789272743,4,LINK,0.000348,0.000242,0.000252
1789272743,4,AVAX,0.000405,0.000203,0.000203
1789272743,4,XRP,0.000073,0.000104,0.000126
1789272743,4,DOT,0.000398,0.000531,0.000865
1789272743,4,XLM,0.001832,0.001064,0.001101
1789272743,4,SUI,0.000415,0.000207,0.000207
1789272743,4,HYPE,0.000240,0.000127,0.000143
1789272743,4,ZEC,0.000009,0.000004,0.000004
1789272743,4,AAVE,0.001098,0.000741,0.001080
1789272743,4,TAO,0.000851,0.000426,0.000426
1789272743,4,NEAR,0.000426,0.000213,0.000213
1789272743,4,BILL,0.006006,0.003642,0.003699
1789273354,4,BTC,0.000001,0.000001,0.000001
1789273354,4,ETH,0.000004,0.000002,0.000002
1789273354,4,SOL,0.000098,0.000049,0.000049
1789273354,4,ADA,0.000484,0.000242,0.000242
1789273354,4,LINK,0.000436,0.000286,0.000296
1789273354,4,AVAX,0.000271,0.000135,0.000135
1789273354,4,XRP,0.000073,0.000037,0.000037
1789273354,4,DOT,0.000398,0.000282,0.000290
1789273354,4,XLM,0.002502,0.001325,0.001344
1789273354,4,SUI,0.000554,0.000277,0.000277
1789273354,4,HYPE,0.000126,0.000089,0.000159
1789273354,4,ZEC,0.000009,0.000004,0.000007
1789273354,4,AAVE,0.001336,0.000728,0.000737
1789273354,4,TAO,0.000426,0.000213,0.000213
1789273354,4,NEAR,0.000851,0.000426,0.000426
1789273354,4,BILL,0.004521,0.002884,0.002950
1789273964,4,BTC,0.000001,0.000001,0.000001
1789273964,4,ETH,0.000004,0.000002,0.000002
1789273964,4,SOL,0.000098,0.000049,0.000049
1789273964,4,ADA,0.000483,0.000577,0.000651
1789273964,4,LINK,0.000435,0.000286,0.000295
1789273964,4,AVAX,0.000405,0.000203,0.000246
1789273964,4,XRP,0.000073,0.000037,0.000037
1789273964,4,DOT,0.000497,0.000514,0.000658
1789273964,4,XLM,0.002167,0.001121,0.001130
1789273964,4,SUI,0.000277,0.000253,0.000334
1789273964,4,HYPE,0.000063,0.000035,0.000043
1789273964,4,ZEC,0.000009,0.000004,0.000004
1789273964,4,AAVE,0.001023,0.000812,0.000859
1789273964,4,TAO,0.000424,0.000212,0.000212
1789273964,4,NEAR,0.000850,0.000425,0.000425
1789273964,4,BILL,0.004518,0.002882,0.002948
1789274574,4,BTC,0.000001,0.000001,0.000001
1789274574,4,ETH,0.000004,0.000002,0.000002
1789274574,4,SOL,0.000098,0.000049,0.000049
1789274574,4,ADA,0.000483,0.000242,0.000242
1789274574,4,LINK,0.000261,0.000199,0.000208
1789274574,4,AVAX,0.000135,0.000068,0.000068
1789274574,4,XRP,0.000073,0.000037,0.000037
1789274574,4,DOT,0.000497,0.000370,0.000530
1789274574,4,XLM,0.002057,0.001066,0.001075
1789274574,4,SUI,0.000415,0.000208,0.000208
1789274574,4,HYPE,0.000215,0.000114,0.000144
1789274574,4,ZEC,0.000009,0.000004,0.000004
1789274574,4,AAVE,0.000945,0.000532,0.000542
1789274574,4,TAO,0.000846,0.000423,0.000423
1789274574,4,NEAR,0.000852,0.000426,0.000426
1789274574,4,BILL,0.004518,0.002901,0.002957
1789275185,4,BTC,0.000001,0.000001,0.000001
1789275185,4,ETH,0.000004,0.000002,0.000002
1789275185,4,SOL,0.000197,0.000098,0.000098
1789275185,4,ADA,0.000483,0.000241,0.000241
1789275185,4,LINK,0.000261,0.000199,0.000209
1789275185,4,AVAX,0.000135,0.000068,0.000068
1789275185,4,XRP,0.000220,0.000110,0.000110
1789275185,4,DOT,0.000100,0.000541,0.000674
1789275185,4,XLM,0.002002,0.001075,0.001094
1789275185,4,SUI,0.000415,0.000324,0.000335
1789275185,4,HYPE,0.000063,0.000035,0.000152
1789275185,4,ZEC,0.000070,0.000035,0.000035
1789275185,4,AAVE,0.000788,0.000454,0.000464
1789275185,4,TAO,0.000424,0.000212,0.000212
1789275185,4,NEAR,0.000427,0.000214,0.000214
1789275185,4,BILL,0.004511,0.002878,0.002943
1789275795,5,BTC,0.000001,0.000001,0.000001
1789275795,5,ETH,0.000004,0.000002,0.000004
1789275795,5,SOL,0.000098,0.000049,0.000098
1789275795,5,ADA,0.000483,0.000241,0.000241
1789275795,5,LINK,0.000348,0.000243,0.000252
1789275795,5,AVAX,0.000675,0.000338,0.000381
1789275795,5,XRP,0.000073,0.000037,0.000037
1789275795,5,DOT,0.000099,0.000467,0.000507
1789275795,5,XLM,0.002055,0.001175,0.001213
1789275795,5,SUI,0.000415,0.000233,0.000290
1789275795,5,HYPE,0.000013,0.000080,0.000109
1789275795,5,ZEC,0.000052,0.000026,0.000026
1789275795,5,AAVE,0.000079,0.000326,0.000617
1789275795,5,TAO,0.000845,0.000423,0.000423
1789275795,5,NEAR,0.000852,0.000426,0.000426
1789275795,5,BILL,0.003758,0.002519,0.002575
1789276406,5,BTC,0.000001,0.000001,0.000001
1789276406,5,ETH,0.000004,0.000002,0.000002
1789276406,5,SOL,0.000098,0.000049,0.000049
1789276406,5,ADA,0.000482,0.000241,0.000241
1789276406,5,LINK,0.000261,0.000199,0.000208
1789276406,5,AVAX,0.000539,0.000270,0.000313
1789276406,5,XRP,0.000073,0.000168,0.000212
1789276406,5,DOT,0.000297,0.000343,0.000345
1789276406,5,XLM,0.001940,0.001197,0.001604
1789276406,5,SUI,0.000276,0.000274,0.000275
1789276406,5,HYPE,0.000328,0.000164,0.000179
1789276406,5,ZEC,0.000070,0.000035,0.000035
1789276406,5,AAVE,0.001492,0.000895,0.001323
1789276406,5,TAO,0.000422,0.000211,0.000211
1789276406,5,NEAR,0.000426,0.000213,0.000213
1789276406,5,BILL,0.003758,0.002501,0.002566
1789277016,5,BTC,0.000001,0.000001,0.000001
1789277016,5,ETH,0.000004,0.000002,0.000002
1789277016,5,SOL,0.000197,0.000098,0.000098
1789277016,5,ADA,0.000482,0.000556,0.000640
1789277016,5,LINK,0.000260,0.000199,0.000208
1789277016,5,AVAX,0.000269,0.000135,0.000135
1789277016,5,XRP,0.000073,0.000037,0.000037
1789277016,5,DOT,0.000396,0.000774,0.000920
1789277016,5,XLM,0.002047,0.001060,0.001070
1789277016,5,SUI,0.000276,0.000252,0.000264
1789277016,5,HYPE,0.000101,0.000064,0.000096
1789277016,5,ZEC,0.000009,0.000004,0.000004
1789277016,5,AAVE,0.001335,0.000772,0.000878
1789277016,5,TAO,0.000421,0.000211,0.000211
1789277016,5,NEAR,0.000426,0.000213,0.000213
1789277016,5,BILL,0.006020,0.003651,0.003707
1789277626,5,BTC,0.000001,0.000001,0.000001
1789277626,5,ETH,0.000004,0.000002,0.000002
1789277626,5,SOL,0.000196,0.000098,0.000098
1789277626,5,ADA,0.000482,0.000241,0.000241
1789277626,5,LINK,0.000347,0.000242,0.000251
1789277626,5,AVAX,0.000673,0.000337,0.000380
1789277626,5,XRP,0.000073,0.000037,0.000037
1789277626,5,DOT,0.000594,0.000381,0.000388
1789277626,5,XLM,0.003155,0.001651,0.001670
1789277626,5,SUI,0.000552,0.000392,0.000403
1789277626,5,HYPE,0.000076,0.000042,0.000066
1789277626,5,ZEC,0.000052,0.000100,0.000183
1789277626,5,AAVE,0.001257,0.000929,0.000975
1789277626,5,TAO,0.000843,0.000422,0.000422
1789277626,5,NEAR,0.000426,0.000213,0.000213
1789277626,5,BILL,0.005269,0.003276,0.003332
1789278236,5,BTC,0.000001,0.000001,0.000001
1789278236,5,ETH,0.000004,0.000015,0.000051
1789278236,5,SOL,0.000098,0.000049,0.000049
1789278236,5,ADA,0.000482,0.000241,0.000241
1789278236,5,LINK,0.000260,0.000266,0.000285
1789278236,5,AVAX,0.000134,0.000067,0.000067
1789278236,5,XRP,0.000146,0.000073,0.000073
1789278236,5,DOT,0.000198,0.000327,0.000397
1789278236,5,XLM,0.003046,0.001597,0.001615
1789278236,5,SUI,0.000414,0.000232,0.000289
1789278236,5,HYPE,0.000176,0.000148,0.000175
1789278236,5,ZEC,0.000330,0.000172,0.000190
1789278236,5,AAVE,0.001179,0.000650,0.000659
1789278236,5,TAO,0.000843,0.000422,0.000422
1789278236,5,NEAR,0.000427,0.000548,0.000594
1789278236,5,BILL,0.005289,0.003270,0.003336
1789278846,5,BTC,0.000001,0.000001,0.000001
1789278846,5,ETH,0.000004,0.000002,0.000002
1789278846,5,SOL,0.000098,0.000049,0.000049
1789278846,5,ADA,0.000480,0.000240,0.000240
1789278846,5,LINK,0.000173,0.000155,0.000164
1789278846,5,AVAX,0.000134,0.000067,0.000067
1789278846,5,XRP,0.000073,0.000037,0.000037
1789278846,5,DOT,0.000394,0.000705,0.000941
1789278846,5,XLM,0.002102,0.001088,0.001097
1789278846,5,SUI,0.000276,0.000254,0.000335
1789278846,5,HYPE,0.000201,0.000112,0.000135
1789278846,5,ZEC,0.000078,0.000039,0.000039
1789278846,5,AAVE,0.001330,0.000785,0.000913
1789278846,5,TAO,0.000421,0.000557,0.000594
1789278846,5,NEAR,0.000426,0.000602,0.000621
1789278846,5,BILL,0.003766,0.002525,0.002581
1789279456,6,BTC,0.000001,0.000001,0.000001
1789279456,6,ETH,0.000004,0.000002,0.000002
1789279456,6,SOL,0.000098,0.000049,0.000049
1789279456,6,ADA,0.000481,0.000240,0.000482
1789279456,6,LINK,0.000087,0.000043,0.000043
1789279456,6,AVAX,0.000134,0.000067,0.000134
1789279456,6,XRP,0.000073,0.000037,0.000037
1789279456,6,DOT,0.000394,0.000596,0.000693
1789279456,6,XLM,0.002047,0.001199,0.001477
1789279456,6,SUI,0.000414,0.000207,0.000207
1789279456,6,HYPE,0.000076,0.000038,0.000064
1789279456,6,ZEC,0.000383,0.000194,0.000201
1789279456,6,AAVE,0.001645,0.000882,0.000892
1789279456,6,TAO,0.000421,0.000211,0.000211
1789279456,6,NEAR,0.000426,0.000528,0.000584
1789279456,6,BILL,0.005281,0.003265,0.003331
1789280066,6,BTC,0.000001,0.000001,0.000001
1789280066,6,ETH,0.000004,0.000002,0.000002
1789280066,6,SOL,0.000098,0.000049,0.000049
1789280066,6,ADA,0.000480,0.000240,0.000240
1789280066,6,LINK,0.000174,0.000155,0.000164
1789280066,6,AVAX,0.000134,0.000067,0.000067
1789280066,6,XRP,0.000146,0.000073,0.000073
1789280066,6,DOT,0.000394,0.000218,0.000270
1789280066,6,XLM,0.002767,0.001494,0.001522
1789280066,6,SUI,0.000414,0.000207,0.000207
1789280066,6,HYPE,0.000114,0.000063,0.000092
1789280066,6,ZEC,0.000358,0.000179,0.000179
1789280066,6,AAVE,0.001177,0.000709,0.000727
1789280066,6,TAO,0.000421,0.000520,0.000576
1789280066,6,NEAR,0.000427,0.000585,0.000613
1789280066,6,BILL,0.004549,0.002921,0.002977
1789280676,6,BTC,0.000001,0.000001,0.000001
1789280676,6,ETH,0.000004,0.000002,0.000002
1789280676,6,SOL,0.000099,0.000049,0.000056
1789280676,6,ADA,0.000482,0.000241,0.000241
1789280676,6,LINK,0.000261,0.000130,0.000130
1789280676,6,AVAX,0.000269,0.000134,0.000134
1789280676,6,XRP,0.000073,0.000061,0.000123
1789280676,6,DOT,0.000295,0.000341,0.000398
1789280676,6,XLM,0.002995,0.001571,0.001590
1789280676,6,SUI,0.000415,0.000229,0.000288
1789280676,6,HYPE,0.000152,0.000099,0.000160
1789280676,6,ZEC,0.000166,0.000083,0.000083
1789280676,6,AAVE,0.000866,0.000571,0.000700
1789280676,6,TAO,0.000421,0.000211,0.000211
1789280676,6,NEAR,0.000429,0.000214,0.000214
1789280676,6,BILL,0.003795,0.002545,0.002601
1789281286,6,BTC,0.000001,0.000001,0.000001
1789281286,6,ETH,0.000004,0.000002,0.000002
1789281286,6,SOL,0.000198,0.000099,0.000099
1789281286,6,ADA,0.000482,0.000241,0.000241
1789281286,6,LINK,0.000174,0.000087,0.000087
1789281286,6,AVAX,0.000537,0.000269,0.000311
1789281286,6,XRP,0.000147,0.000073,0.000073
1789281286,6,DOT,0.000394,0.000244,0.000332
1789281286,6,XLM,0.001830,0.000952,0.000961
1789281286,6,SUI,0.000138,0.000069,0.000069
1789281286,6,HYPE,0.000089,0.000196,0.000209
1789281286,6,ZEC,0.000044,0.000022,0.000022
1789281286,6,AAVE,0.000158,0.000573,0.000602
1789281286,6,TAO,0.000839,0.000419,0.000419
1789281286,6,NEAR,0.000429,0.000214,0.000214
1789281286,6,BILL,0.003801,0.002549,0.002605
1789281897,6,BTC,0.000001,0.000001,0.000001
1789281897,6,ETH,0.000075,0.000038,0.000038
1789281897,6,SOL,0.000197,0.000099,0.000099
1789281897,6,ADA,0.000964,0.000482,0.000482
1789281897,6,LINK,0.000261,0.000199,0.000209
1789281897,6,AVAX,0.000135,0.000067,0.000110
1789281897,6,XRP,0.000073,0.000037,0.000037
1789281897,6,DOT,0.000295,0.000148,0.000191
1789281897,6,XLM,0.001720,0.000971,0.000999
1789281897,6,SUI,0.000138,0.000318,0.000332
1789281897,6,HYPE,0.000254,0.000148,0.000203
1789281897,6,ZEC,0.000053,0.000026,0.000026
1789281897,6,AAVE,0.001183,0.000773,0.000801
1789281897,6,TAO,0.000420,0.000210,0.000210
1789281897,6,NEAR,0.000859,0.000429,0.000429
1789281897,6,BILL,0.003798,0.002547,0.002603
1789282507,6,BTC,0.000001,0.000001,0.000001
1789282507,6,ETH,0.000004,0.000002,0.000002
1789282507,6,SOL,0.000099,0.000049,0.000049
1789282507,6,ADA,0.000484,0.000242,0.000242
1789282507,6,LINK,0.000437,0.000288,0.000297
1789282507,6,AVAX,0.000676,0.000338,0.000382
1789282507,6,XRP,0.000147,0.000130,0.000139
1789282507,6,DOT,0.000394,0.000307,0.000395
1789282507,6,XLM,0.001947,0.001047,0.001066
1789282507,6,SUI,0.000557,0.000278,0.000278
1789282507,6,HYPE,0.000153,0.000078,0.000087
1789282507,6,ZEC,0.000097,0.000050,0.000054
1789282507,6,AAVE,0.000949,0.000535,0.000544
1789282507,6,TAO,0.000422,0.000211,0.000211
1789282507,6,NEAR,0.000432,0.000216,0.000216
1789282507,6,BILL,0.003807,0.002553,0.002609
1789283118,7,BTC,0.000001,0.000001,0.000001
1789283118,7,ETH,0.000004,0.000002,0.000020
1789283118,7,SOL,0.000198,0.000099,0.000099
1789283118,7,ADA,0.000483,0.000242,0.000242
1789283118,7,LINK,0.000350,0.000244,0.000253
1789283118,7,AVAX,0.000135,0.000068,0.000111
1789283118,7,XRP,0.000074,0.000037,0.000037
1789283118,7,DOT,0.000294,0.000195,0.000286
1789283118,7,XLM,0.002783,0.001429,0.001438
1789283118,7,SUI,0.000556,0.000278,0.000278
1789283118,7,HYPE,0.000140,0.000087,0.000110
1789283118,7,ZEC,0.000088,0.000044,0.000044
1789283118,7,AAVE,0.000949,0.000535,0.000544
1789283118,7,TAO,0.000844,0.000422,0.000422
1789283118,7,NEAR,0.000866,0.000433,0.000433
1789283118,7,BILL,0.004556,0.002926,0.002982
1789283729,7,BTC,0.000001,0.000001,0.000001
1789283729,7,ETH,0.000004,0.000002,0.000002
1789283729,7,SOL,0.000099,0.000049,0.000049
1789283729,7,ADA,0.000483,0.000241,0.000241
1789283729,7,LINK,0.000349,0.000175,0.000175
1789283729,7,AVAX,0.000135,0.000068,0.000111
1789283729,7,XRP,0.000147,0.000074,0.000074
1789283729,7,DOT,0.000394,0.000245,0.000354
1789283729,7,XLM,0.002503,0.001363,0.001391
1789283729,7,SUI,0.000417,0.000208,0.000208
1789283729,7,HYPE,0.000013,0.000006,0.000101
1789283729,7,ZEC,0.000158,0.000082,0.000089
1789283729,7,AAVE,0.000868,0.000627,0.001047
1789283729,7,TAO,0.000845,0.000422,0.000422
1789283729,7,NEAR,0.000865,0.000432,0.000432
1789283729,7,BILL,0.005321,0.003309,0.003366
1789284339,7,BTC,0.000001,0.000001,0.000001
1789284339,7,ETH,0.000004,0.000002,0.000007
1789284339,7,SOL,0.000198,0.000099,0.000099
1789284339,7,ADA,0.000482,0.000241,0.000241
1789284339,7,LINK,0.000175,0.000087,0.000087
1789284339,7,AVAX,0.000135,0.000068,0.000068
1789284339,7,XRP,0.000147,0.000073,0.000073
1789284339,7,DOT,0.000393,0.000477,0.000773
1789284339,7,XLM,0.002556,0.001389,0.001417
1789284339,7,SUI,0.000417,0.000323,0.000335
1789284339,7,HYPE,0.000013,0.000006,0.000006
1789284339,7,ZEC,0.000123,0.000069,0.000087
1789284339,7,AAVE,0.001185,0.000774,0.000802
1789284339,7,TAO,0.000846,0.000423,0.000423
1789284339,7,NEAR,0.000434,0.000217,0.000217
1789284339,7,BILL,0.003801,0.002531,0.002596
1789284950,7,BTC,0.000001,0.000001,0.000001
1789284950,7,ETH,0.000004,0.000002,0.000034
1789284950,7,SOL,0.000099,0.000049,0.000049
1789284950,7,ADA,0.000483,0.000577,0.000651
1789284950,7,LINK,0.000350,0.000244,0.000253
1789284950,7,AVAX,0.000135,0.000068,0.000102
1789284950,7,XRP,0.000074,0.000037,0.000037
1789284950,7,DOT,0.000296,0.000318,0.000539
1789284950,7,XLM,0.002671,0.001373,0.001382
1789284950,7,SUI,0.000417,0.000209,0.000209
1789284950,7,HYPE,0.000013,0.000006,0.000012
1789284950,7,ZEC,0.000264,0.000164,0.000250
1789284950,7,AAVE,0.001028,0.000575,0.000584
1789284950,7,TAO,0.000845,0.000422,0.000422
1789284950,7,NEAR,0.000435,0.000522,0.000588
1789284950,7,BILL,0.006102,0.003702,0.003759
1789285560,7,BTC,0.000001,0.000001,0.000001
1789285560,7,ETH,0.000004,0.000002,0.000002
1789285560,7,SOL,0.000199,0.000099,0.000099
1789285560,7,ADA,0.000484,0.000242,0.000242
1789285560,7,LINK,0.000525,0.000331,0.000341
1789285560,7,AVAX,0.000136,0.000068,0.000102
1789285560,7,XRP,0.000074,0.000037,0.000037
1789285560,7,DOT,0.000394,0.000343,0.000549
1789285560,7,XLM,0.002783,0.001428,0.001438
1789285560,7,SUI,0.000278,0.000254,0.000267
1789285560,7,HYPE,0.000051,0.000025,0.000101
1789285560,7,ZEC,0.000115,0.000065,0.000083
1789285560,7,AAVE,0.001423,0.000772,0.000781
1789285560,7,TAO,0.000423,0.000560,0.000597
1789285560,7,NEAR,0.000869,0.000435,0.000435
1789285560,7,BILL,0.003815,0.002541,0.002606
1789286174,7,BTC,0.000001,0.000001,0.000001
1789286174,7,ETH,0.000004,0.000002,0.000002
1789286174,7,SOL,0.000199,0.000099,0.000099
1789286174,7,ADA,0.000486,0.000243,0.000243
1789286174,7,LINK,0.000350,0.000244,0.000253
1789286174,7,AVAX,0.000136,0.000185,0.000195
1789286174,7,XRP,0.000074,0.000037,0.000037
1789286174,7,DOT,0.000099,0.000158,0.000264
1789286174,7,XLM,0.001505,0.000790,0.000799
1789286174,7,SUI,0.000558,0.000279,0.000279
1789286174,7,HYPE,0.000089,0.000045,0.000122
1789286174,7,ZEC,0.000097,0.000049,0.000049
1789286174,7,AAVE,0.001108,0.000554,0.000554
1789286174,7,TAO,0.000424,0.000599,0.000618
1789286174,7,NEAR,0.000435,0.000467,0.000560
1789286174,7,BILL,0.005354,0.003330,0.003386
1789286785,8,BTC,0.000001,0.000001,0.000001
1789286785,8,ETH,0.000004,0.000002,0.000002
1789286785,8,SOL,0.000099,0.000050,0.000050
1789286785,8,ADA,0.000971,0.000486,0.000486
1789286785,8,LINK,0.000263,0.000131,0.000131
1789286785,8,AVAX,0.000407,0.000204,0.000248
1789286785,8,XRP,0.000074,0.000037,0.000037
1789286785,8,DOT,0.000396,0.000341,0.000501
1789286785,8,XLM,0.001560,0.000817,0.000827
1789286785,8,SUI,0.000279,0.000140,0.000140
1789286785,8,HYPE,0.000013,0.000006,0.000024
1789286785,8,ZEC,0.000318,0.000187,0.000258
1789286785,8,AAVE,0.000948,0.000535,0.000544
1789286785,8,TAO,0.000423,0.000211,0.000211
1789286785,8,NEAR,0.000869,0.000435,0.000435
1789286785,8,BILL,0.003812,0.002557,0.002614
1789287398,8,BTC,0.000001,0.000001,0.000001
1789287398,8,ETH,0.000004,0.000002,0.000002
1789287398,8,SOL,0.000199,0.000099,0.000099
1789287398,8,ADA,0.000486,0.000544,0.000638
1789287398,8,LINK,0.000263,0.000201,0.000210
1789287398,8,AVAX,0.000136,0.000266,0.000330
1789287398,8,XRP,0.000074,0.000037,0.000037
1789287398,8,DOT,0.000396,0.000401,0.000614
1789287398,8,XLM,0.001117,0.000596,0.000605
1789287398,8,SUI,0.000419,0.000241,0.000366
1789287398,8,HYPE,0.000281,0.000140,0.000140
1789287398,8,ZEC,0.000514,0.000264,0.000283
1789287398,8,AAVE,0.000712,0.000417,0.000426
1789287398,8,TAO,0.000848,0.000424,0.000424
1789287398,8,NEAR,0.000434,0.000217,0.000217
1789287398,8,BILL,0.006098,0.003699,0.003756
1789288009,8,BTC,0.000001,0.000001,0.000001
1789288009,8,ETH,0.000004,0.000002,0.000002
1789288009,8,SOL,0.000100,0.000050,0.000050
1789288009,8,ADA,0.000487,0.000243,0.000243
1789288009,8,LINK,0.000176,0.000157,0.000166
1789288009,8,AVAX,0.000545,0.000390,0.000400
1789288009,8,XRP,0.000074,0.000037,0.000037
1789288009,8,DOT,0.000496,0.000388,0.000616
1789288009,8,XLM,0.001567,0.000821,0.000830
1789288009,8,SUI,0.000560,0.000280,0.000280
1789288009,8,HYPE,0.000179,0.000094,0.000111
1789288009,8,ZEC,0.000027,0.000013,0.000013
1789288009,8,AAVE,0.001031,0.000637,0.000656
1789288009,8,TAO,0.000852,0.000426,0.000426
1789288009,8,NEAR,0.000867,0.000434,0.000434
1789288009,8,BILL,0.005341,0.003304,0.003369
1789288620,8,BTC,0.000001,0.000001,0.000001
1789288620,8,ETH,0.000004,0.000002,0.000003
1789288620,8,SOL,0.000100,0.000050,0.000050
1789288620,8,ADA,0.000490,0.000245,0.000245
1789288620,8,LINK,0.000441,0.000290,0.000299
1789288620,8,AVAX,0.000137,0.000305,0.000360
1789288620,8,XRP,0.000148,0.000074,0.000074
1789288620,8,DOT,0.001094,0.000762,0.000854
1789288620,8,XLM,0.003091,0.001583,0.001592
1789288620,8,SUI,0.000422,0.000211,0.000211
1789288620,8,HYPE,0.000154,0.000077,0.000077
1789288620,8,ZEC,0.000340,0.000268,0.000369
1789288620,8,AAVE,0.000803,0.000700,0.000954
1789288620,8,TAO,0.000859,0.000430,0.000430
1789288620,8,NEAR,0.000435,0.000217,0.000217
1789288620,8,BILL,0.006889,0.004715,0.004846
1789289231,8,BTC,0.000001,0.000001,0.000001
1789289231,8,ETH,0.000060,0.000030,0.000030
1789289231,8,SOL,0.000100,0.000050,0.000050
1789289231,8,ADA,0.000982,0.000491,0.000491
1789289231,8,LINK,0.000265,0.000203,0.000212
1789289231,8,AVAX,0.000549,0.000274,0.000320
1789289231,8,XRP,0.000149,0.000074,0.000074
1789289231,8,DOT,0.000100,0.000830,0.000925
1789289231,8,XLM,0.001631,0.000853,0.000862
1789289231,8,SUI,0.000423,0.000212,0.000212
1789289231,8,HYPE,0.000013,0.000006,0.000007
1789289231,8,ZEC,0.000235,0.000117,0.000117
1789289231,8,AAVE,0.002092,0.001108,0.001117
1789289231,8,TAO,0.000430,0.000215,0.000215
1789289231,8,NEAR,0.000870,0.000435,0.000435
1789289231,8,BILL,0.004601,0.002937,0.003003
1789289844,8,BTC,0.000001,0.000001,0.000001
1789289844,8,ETH,0.000004,0.000011,0.000045
1789289844,8,SOL,0.000100,0.000050,0.000050
1789289844,8,ADA,0.000983,0.000491,0.000491
1789289844,8,LINK,0.000265,0.000203,0.000212
1789289844,8,AVAX,0.000411,0.000206,0.000206
1789289844,8,XRP,0.000148,0.000074,0.000074
1789289844,8,DOT,0.000598,0.000330,0.000492
1789289844,8,XLM,0.002699,0.001387,0.001397
1789289844,8,SUI,0.000423,0.000240,0.000297
1789289844,8,HYPE,0.000154,0.000077,0.000077
1789289844,8,ZEC,0.000108,0.000054,0.000054
1789289844,8,AAVE,0.001125,0.000686,0.000705
1789289844,8,TAO,0.000431,0.000215,0.000215
1789289844,8,NEAR,0.000869,0.000435,0.000435
1789289844,8,BILL,0.004601,0.002956,0.003012
1789290456,9,BTC,0.000001,0.000001,0.000001
1789290456,9,ETH,0.000004,0.000002,0.000002
1789290456,9,SOL,0.000100,0.000059,0.000105
1789290456,9,ADA,0.000489,0.000245,0.000245
1789290456,9,LINK,0.000265,0.000202,0.000211
1789290456,9,AVAX,0.000821,0.000410,0.000455
1789290456,9,XRP,0.000222,0.000111,0.000111
1789290456,9,DOT,0.000498,0.000356,0.000422
1789290456,9,XLM,0.002693,0.001459,0.001488
1789290456,9,SUI,0.000422,0.000239,0.000296
1789290456,9,HYPE,0.000013,0.000054,0.000211
1789290456,9,ZEC,0.000505,0.000260,0.000279
1789290456,9,AAVE,0.000080,0.000622,0.000854
1789290456,9,TAO,0.000429,0.000214,0.000214
1789290456,9,NEAR,0.000431,0.000462,0.000555
1789290456,9,BILL,0.005354,0.003312,0.003377
1789291068,9,BTC,0.000001,0.000001,0.000001
1789291068,9,ETH,0.000004,0.000002,0.000026
1789291068,9,SOL,0.000300,0.000150,0.000150
1789291068,9,ADA,0.000490,0.000245,0.000245
1789291068,9,LINK,0.000353,0.000246,0.000256
1789291068,9,AVAX,0.000137,0.000305,0.000359
1789291068,9,XRP,0.000074,0.000037,0.000037
1789291068,9,DOT,0.000597,0.000383,0.000445
1789291068,9,XLM,0.002809,0.001743,0.001828
1789291068,9,SUI,0.000422,0.000239,0.000296
1789291068,9,HYPE,0.000013,0.000006,0.000006
1789291068,9,ZEC,0.000063,0.000032,0.000099
1789291068,9,AAVE,0.001042,0.000649,0.000867
1789291068,9,TAO,0.000430,0.000215,0.000215
1789291068,9,NEAR,0.000863,0.000432,0.000432
1789291068,9,BILL,0.003821,0.003179,0.003310
1789291680,9,BTC,0.000001,0.000001,0.000001
1789291680,9,ETH,0.000004,0.000002,0.000002
1789291680,9,SOL,0.000100,0.000050,0.000050
1789291680,9,ADA,0.000491,0.000551,0.000644
1789291680,9,LINK,0.000354,0.000247,0.000256
1789291680,9,AVAX,0.000548,0.000274,0.000382
1789291680,9,XRP,0.000149,0.000074,0.000074
1789291680,9,DOT,0.000699,0.000433,0.000441
1789291680,9,XLM,0.003600,0.001899,0.001991
1789291680,9,SUI,0.000423,0.000211,0.000211
1789291680,9,HYPE,0.000064,0.000032,0.000075
1789291680,9,ZEC,0.000128,0.000064,0.000064
1789291680,9,AAVE,0.001527,0.000825,0.000835
1789291680,9,TAO,0.000861,0.000430,0.000430
1789291680,9,NEAR,0.000870,0.000435,0.000435
1789291680,9,BILL,0.006920,0.004099,0.004165
1789292293,9,BTC,0.000001,0.000001,0.000001
1789292293,9,ETH,0.000036,0.000018,0.000018
1789292293,9,SOL,0.000100,0.000050,0.000050
1789292293,9,ADA,0.000489,0.000604,0.000670
1789292293,9,LINK,0.000354,0.000177,0.000177
1789292293,9,AVAX,0.000137,0.000068,0.000176
1789292293,9,XRP,0.000149,0.000075,0.000075
1789292293,9,DOT,0.000697,0.000433,0.000441
1789292293,9,XLM,0.003093,0.001600,0.001630
1789292293,9,SUI,0.000422,0.000211,0.000211
1789292293,9,HYPE,0.000142,0.000071,0.000116
1789292293,9,ZEC,0.000315,0.000157,0.000157
1789292293,9,AAVE,0.002575,0.001350,0.001359
1789292293,9,TAO,0.000429,0.000214,0.000276
1789292293,9,NEAR,0.000864,0.000432,0.000432
1789292293,9,BILL,0.005374,0.003325,0.003390
1789292907,9,BTC,0.000001,0.000001,0.000001
1789292907,9,ETH,0.000004,0.000002,0.000002
1789292907,9,SOL,0.000200,0.000100,0.000100
1789292907,9,ADA,0.000488,0.000244,0.000244
1789292907,9,LINK,0.000264,0.000132,0.000132
1789292907,9,AVAX,0.000136,0.000304,0.000393
1789292907,9,XRP,0.000149,0.000074,0.000074
1789292907,9,DOT,0.000100,0.000090,0.000171
1789292907,9,XLM,0.001292,0.000884,0.001215
1789292907,9,SUI,0.000281,0.000141,0.000141
1789292907,9,HYPE,0.000064,0.000065,0.000171
1789292907,9,ZEC,0.000362,0.000181,0.000181
1789292907,9,AAVE,0.000964,0.000544,0.000553
1789292907,9,TAO,0.000428,0.000214,0.000257
1789292907,9,NEAR,0.000431,0.000215,0.000215
1789292907,9,BILL,0.006144,0.003710,0.003776
1789293521,9,BTC,0.000001,0.000001,0.000001
1789293521,9,ETH,0.000044,0.000022,0.000022
1789293521,9,SOL,0.000201,0.000100,0.000100
1789293521,9,ADA,0.000489,0.000603,0.000669
1789293521,9,LINK,0.000264,0.000202,0.000211
1789293521,9,AVAX,0.000136,0.000068,0.000175
1789293521,9,XRP,0.000074,0.000037,0.000037
1789293521,9,DOT,0.000199,0.000151,0.000233
1789293521,9,XLM,0.001572,0.001496,0.001760
1789293521,9,SUI,0.000281,0.000140,0.000140
1789293521,9,HYPE,0.000231,0.000126,0.000160
1789293521,9,ZEC,0.000028,0.000014,0.000014
1789293521,9,AAVE,0.001445,0.000846,0.000939
1789293521,9,TAO,0.000857,0.000428,0.000428
1789293521,9,NEAR,0.000433,0.000501,0.000575
1789293521,9,BILL,0.005370,0.003341,0.003397
1789294135,10,BTC,0.000001,0.000001,0.000001
1789294135,10,ETH,0.000044,0.000022,0.000022
1789294135,10,SOL,0.000200,0.000100,0.000100
1789294135,10,ADA,0.000488,0.000244,0.000244
1789294135,10,LINK,0.000176,0.000088,0.000093
1789294135,10,AVAX,0.000136,0.000068,0.000104
1789294135,10,XRP,0.000074,0.000037,0.000037
1789294135,10,DOT,0.000199,0.000861,0.000956
1789294135,10,XLM,0.000056,0.001754,0.001902
1789294135,10,SUI,0.000281,0.000234,0.000329
1789294135,10,HYPE,0.000128,0.000064,0.000064
1789294135,10,ZEC,0.000174,0.000087,0.000087
1789294135,10,AAVE,0.001203,0.000732,0.000958
1789294135,10,TAO,0.000427,0.000214,0.000214
1789294135,10,NEAR,0.000433,0.000217,0.000217
1789294135,10,BILL,0.003821,0.002545,0.002610
1789303178,12,NEAR,0.000429,0.000476,0.000560
1789303178,12,BILL,0.004619,0.002949,0.003015
1789331807,20,BTC,0.000001,0.000007,0.000024
1789331807,20,ETH,0.000004,0.000002,0.000002
1789331807,20,SOL,0.000198,0.000099,0.000099
1789331807,20,ADA,0.000960,0.000480,0.000480
1789331807,20,LINK,0.000349,0.000243,0.000253
1789331807,20,AVAX,0.000404,0.000202,0.000245
1789331807,20,XRP,0.000147,0.000074,0.000074
1789331807,20,DOT,0.001082,0.000625,0.000632
1789331807,20,XLM,0.002890,0.001482,0.001492
1789331807,20,SUI,0.000417,0.000233,0.000291
1789331807,20,HYPE,0.000381,0.000191,0.000229
1789331807,20,ZEC,0.000464,0.000254,0.000303
1789331807,20,AAVE,0.000712,0.000929,0.001199
1789331807,20,TAO,0.000848,0.000424,0.000424
1789331807,20,NEAR,0.000427,0.000214,0.000214
1789331807,20,BILL,0.004622,0.002952,0.003017
1789332420,20,BTC,0.000001,0.000001,0.000001
1789332420,20,ETH,0.000004,0.000002,0.000002
1789332420,20,SOL,0.000197,0.000099,0.000099
1789332420,20,ADA,0.000959,0.000479,0.000479
1789332420,20,LINK,0.000262,0.000200,0.000209
1789332420,20,AVAX,0.000538,0.000269,0.000336
1789332420,20,XRP,0.000074,0.000037,0.000037
1789332420,20,DOT,0.001279,0.000723,0.000731
1789332420,20,XLM,0.001332,0.000740,0.000977
1789332420,20,SUI,0.000416,0.000232,0.000290
1789332420,20,HYPE,0.000013,0.000006,0.000039
1789332420,20,ZEC,0.000381,0.000195,0.000207
1789332420,20,AAVE,0.001027,0.000635,0.000653
1789332420,20,TAO,0.000424,0.000561,0.000599
1789332420,20,NEAR,0.000850,0.000425,0.000425
1789332420,20,BILL,0.004619,0.002968,0.003024
1789333033,20,BTC,0.000001,0.000001,0.000001
1789333033,20,ETH,0.000004,0.000002,0.000002
1789333033,20,SOL,0.000099,0.000049,0.000049
1789333033,20,ADA,0.000479,0.000239,0.000239
1789333033,20,LINK,0.000349,0.000175,0.000175
1789333033,20,AVAX,0.000537,0.000269,0.000311
1789333033,20,XRP,0.000074,0.000037,0.000037
1789333033,20,DOT,0.001179,0.000733,0.000859
1789333033,20,XLM,0.001773,0.001247,0.001549
1789333033,20,SUI,0.000277,0.000139,0.000139
1789333033,20,HYPE,0.000292,0.000146,0.000146
1789333033,20,ZEC,0.000462,0.000239,0.000258
1789333033,20,AAVE,0.001184,0.000653,0.000662
1789333033,20,TAO,0.000423,0.000212,0.000212
1789333033,20,NEAR,0.000851,0.000426,0.000426
1789333033,20,BILL,0.004612,0.002963,0.003019
1789333644,21,BTC,0.000001,0.000001,0.000001
1789333644,21,ETH,0.000004,0.000013,0.000034
1789333644,21,SOL,0.000099,0.000049,0.000049
1789333644,21,ADA,0.000480,0.000240,0.000240
1789333644,21,LINK,0.000350,0.000244,0.000253
1789333644,21,AVAX,0.000404,0.000202,0.000245
1789333644,21,XRP,0.000147,0.000074,0.000074
1789333644,21,DOT,0.001378,0.000836,0.000861
1789333644,21,XLM,0.002883,0.001537,0.001629
1789333644,21,SUI,0.000278,0.000165,0.000222
1789333644,21,HYPE,0.000241,0.000121,0.000158
1789333644,21,ZEC,0.000073,0.000036,0.000036
1789333644,21,AAVE,0.000632,0.000376,0.000386
1789333644,21,TAO,0.000423,0.000560,0.000598
1789333644,21,NEAR,0.000853,0.000427,0.000427
1789333644,21,BILL,0.004622,0.002952,0.003017
1789334255,21,BTC,0.000001,0.000001,0.000001
1789334255,21,ETH,0.000004,0.000002,0.000002
1789334255,21,SOL,0.000099,0.000092,0.000120
1789334255,21,ADA,0.000479,0.000240,0.000240
1789334255,21,LINK,0.000262,0.000200,0.000209
1789334255,21,AVAX,0.000672,0.000336,0.000379
1789334255,21,XRP,0.000147,0.000074,0.000074
1789334255,21,DOT,0.001177,0.000903,0.001091
1789334255,21,XLM,0.001661,0.001420,0.001763
1789334255,21,SUI,0.000416,0.000208,0.000208
1789334255,21,HYPE,0.000013,0.000113,0.000193
1789334255,21,ZEC,0.000009,0.000005,0.000005
1789334255,21,AAVE,0.001184,0.000811,0.001154
1789334255,21,TAO,0.000844,0.000422,0.000422
1789334255,21,NEAR,0.000851,0.000426,0.000426
1789334255,21,BILL,0.004612,0.002963,0.003019
1789334867,21,BTC,0.000001,0.000001,0.000001
1789334867,21,ETH,0.000004,0.000002,0.000002
1789334867,21,SOL,0.000099,0.000049,0.000049
1789334867,21,ADA,0.000480,0.000240,0.000240
1789334867,21,LINK,0.000437,0.000219,0.000219
1789334867,21,AVAX,0.000134,0.000067,0.000134
1789334867,21,XRP,0.000074,0.000037,0.000037
1789334867,21,DOT,0.001082,0.000623,0.000688
1789334867,21,XLM,0.002939,0.001469,0.001469
1789334867,21,SUI,0.000278,0.000139,0.000139
1789334867,21,HYPE,0.000254,0.000127,0.000156
1789334867,21,ZEC,0.000335,0.000167,0.000167
1789334867,21,AAVE,0.001422,0.000771,0.000781
1789334867,21,TAO,0.000845,0.000423,0.000423
1789334867,21,NEAR,0.000426,0.000584,0.000612
1789334867,21,BILL,0.006163,0.003082,0.003082
1789335480,21,BTC,0.000001,0.000001,0.000001
1789335480,21,ETH,0.000004,0.000002,0.000002
1789335480,21,SOL,0.000099,0.000049,0.000049
1789335480,21,ADA,0.000481,0.000241,0.000241
1789335480,21,LINK,0.000262,0.000131,0.000131
1789335480,21,AVAX,0.000942,0.000703,0.000722
1789335480,21,XRP,0.000147,0.000074,0.000074
1789335480,21,DOT,0.000981,0.000555,0.000770
1789335480,21,XLM,0.002940,0.001470,0.001470
1789335480,21,SUI,0.000418,0.000209,0.000209
1789335480,21,HYPE,0.000242,0.000153,0.000175
1789335480,21,ZEC,0.000027,0.000014,0.000014
1789335480,21,AAVE,0.001897,0.000949,0.000949
1789335480,21,TAO,0.000843,0.000422,0.000422
1789335480,21,NEAR,0.000427,0.000603,0.000621
1789335480,21,BILL,0.003089,0.002866,0.002978
1789336093,21,BTC,0.000001,0.000001,0.000001
1789336093,21,ETH,0.000004,0.000002,0.000002
1789336093,21,SOL,0.000099,0.000049,0.000049
1789336093,21,ADA,0.000481,0.000241,0.000241
1789336093,21,LINK,0.000613,0.000306,0.000306
1789336093,21,AVAX,0.000135,0.000415,0.000443
1789336093,21,XRP,0.000221,0.000111,0.000111
1789336093,21,DOT,0.000978,0.000766,0.000774
1789336093,21,XLM,0.003105,0.001552,0.001552
1789336093,21,SUI,0.000278,0.000203,0.000352
1789336093,21,HYPE,0.000344,0.000244,0.000272
1789336093,21,ZEC,0.000164,0.000082,0.000082
1789336093,21,AAVE,0.001028,0.000514,0.000514
1789336093,21,TAO,0.000421,0.000211,0.000211
1789336093,21,NEAR,0.000427,0.000603,0.000622
1789336093,21,BILL,0.000771,0.005662,0.006113
1789336704,21,BTC,0.000001,0.000001,0.000001
1789336704,21,ETH,0.000004,0.000002,0.000002
1789336704,21,SOL,0.000099,0.000147,0.000197
1789336704,21,ADA,0.000482,0.000241,0.000241
1789336704,21,LINK,0.000613,0.000307,0.000307
1789336704,21,AVAX,0.000135,0.000300,0.000318
1789336704,21,XRP,0.000074,0.000212,0.000235
1789336704,21,DOT,0.000785,0.001163,0.001171
1789336704,21,XLM,0.002608,0.001304,0.001304
1789336704,21,SUI,0.000557,0.000279,0.000279
1789336704,21,HYPE,0.000433,0.000238,0.000240
1789336704,21,ZEC,0.000475,0.000369,0.000385
1789336704,21,AAVE,0.000873,0.001465,0.001586
1789336704,21,TAO,0.000845,0.000422,0.000422
1789336704,21,NEAR,0.000854,0.000427,0.000427
1789336704,21,BILL,0.003089,0.003526,0.003695
1789337315,22,BTC,0.000001,0.000001,0.000001
1789337315,22,ETH,0.000197,0.000098,0.000098
1789337315,22,SOL,0.000200,0.000100,0.000100
1789337315,22,ADA,0.000488,0.000244,0.000244
1789337315,22,LINK,0.001420,0.000710,0.000710
1789337315,22,AVAX,0.000544,0.000272,0.000272
1789337315,22,XRP,0.000149,0.000075,0.000097
1789337315,22,DOT,0.002192,0.001096,0.001608
1789337315,22,XLM,0.003873,0.001937,0.001949
1789337315,22,SUI,0.000424,0.000212,0.000212
1789337315,22,HYPE,0.000386,0.000200,0.000222
1789337315,22,ZEC,0.000619,0.000309,0.000309
1789337315,22,AAVE,0.003214,0.001607,0.001607
1789337315,22,TAO,0.000429,0.000214,0.000258
1789337315,22,NEAR,0.000867,0.000434,0.000434
1789337315,22,BILL,0.007039,0.003520,0.003520
1789337928,22,BTC,0.000001,0.000001,0.000001
1789337928,22,ETH,0.000004,0.000002,0.000002
1789337928,22,SOL,0.000100,0.000113,0.000132
1789337928,22,ADA,0.000493,0.000246,0.000246
1789337928,22,LINK,0.000446,0.000365,0.000383
1789337928,22,AVAX,0.000821,0.000410,0.000455
1789337928,22,XRP,0.000075,0.000161,0.000174
1789337928,22,DOT,0.002694,0.001635,0.001691
1789337928,22,XLM,0.004688,0.002382,0.002391
1789337928,22,SUI,0.000427,0.000214,0.000214
1789337928,22,HYPE,0.000246,0.000178,0.000183
1789337928,22,ZEC,0.000262,0.000131,0.000131
1789337928,22,AAVE,0.001453,0.000885,0.001375
1789337928,22,TAO,0.000431,0.000216,0.000216
1789337928,22,NEAR,0.000434,0.000217,0.000217
1789337928,22,BILL,0.001571,0.001441,0.001507
1789338538,22,BTC,0.000001,0.000001,0.000001
1789338538,22,ETH,0.000117,0.000059,0.000059
1789338538,22,SOL,0.000201,0.000100,0.000100
1789338538,22,ADA,0.000987,0.000493,0.000493
1789338538,22,LINK,0.000447,0.000365,0.000384
1789338538,22,AVAX,0.000137,0.000187,0.000233
1789338538,22,XRP,0.000225,0.000112,0.000128
1789338538,22,DOT,0.001694,0.001244,0.001346
1789338538,22,XLM,0.002605,0.001341,0.001350
1789338538,22,SUI,0.000429,0.000214,0.000214
1789338538,22,HYPE,0.000013,0.000016,0.000058
1789338538,22,ZEC,0.000019,0.000009,0.000009
1789338538,22,AAVE,0.002984,0.001554,0.001564
1789338538,22,TAO,0.000862,0.000431,0.000431
1789338538,22,NEAR,0.000872,0.000436,0.000436
1789338538,22,BILL,0.003140,0.002225,0.002290
1789339149,22,BTC,0.000001,0.000001,0.000001
1789339149,22,ETH,0.000004,0.000024,0.000064
1789339149,22,SOL,0.000200,0.000100,0.000100
1789339149,22,ADA,0.000494,0.000247,0.000247
1789339149,22,LINK,0.000358,0.000179,0.000179
1789339149,22,AVAX,0.000822,0.000411,0.000456
1789339149,22,XRP,0.000224,0.000198,0.000230
1789339149,22,DOT,0.001199,0.000747,0.000773
1789339149,22,XLM,0.002431,0.001253,0.001263
1789339149,22,SUI,0.000429,0.000214,0.000214
1789339149,22,HYPE,0.000013,0.000006,0.000018
1789339149,22,ZEC,0.000558,0.000289,0.000307
1789339149,22,AAVE,0.001449,0.000787,0.000796
1789339149,22,TAO,0.000431,0.000553,0.000600
1789339149,22,NEAR,0.000869,0.000435,0.000435
1789339149,22,BILL,0.001571,0.001460,0.001516
1789339759,22,BTC,0.000001,0.000020,0.000028
1789339759,22,ETH,0.000077,0.000038,0.000038
1789339759,22,SOL,0.000100,0.000050,0.000050
1789339759,22,ADA,0.000494,0.000247,0.000247
1789339759,22,LINK,0.000268,0.000205,0.000214
1789339759,22,AVAX,0.000548,0.000274,0.000319
1789339759,22,XRP,0.000075,0.000037,0.000070
1789339759,22,DOT,0.001901,0.001071,0.001111
1789339759,22,XLM,0.004187,0.002132,0.002141
1789339759,22,SUI,0.000428,0.000214,0.000214
1789339759,22,HYPE,0.000219,0.000119,0.000160
1789339759,22,ZEC,0.000501,0.000260,0.000279
1789339759,22,AAVE,0.001527,0.000764,0.000764
1789339759,22,TAO,0.000431,0.000216,0.000234
1789339759,22,NEAR,0.000432,0.000296,0.000474
1789339759,22,BILL,0.003942,0.002877,0.004010
1789340371,22,BTC,0.000001,0.000001,0.000001
1789340371,22,ETH,0.000016,0.000008,0.000008
1789340371,22,SOL,0.000100,0.000076,0.000114
1789340371,22,ADA,0.000989,0.000494,0.000494
1789340371,22,LINK,0.000090,0.000045,0.000045
1789340371,22,AVAX,0.000137,0.000069,0.000105
1789340371,22,XRP,0.000150,0.000102,0.000126
1789340371,22,DOT,0.002103,0.001170,0.001262
1789340371,22,XLM,0.002265,0.001209,0.001228
1789340371,22,SUI,0.000429,0.000214,0.000214
1789340371,22,HYPE,0.000246,0.000123,0.000151
1789340371,22,ZEC,0.000168,0.000084,0.000084
1789340371,22,AAVE,0.001287,0.000705,0.000715
1789340371,22,TAO,0.000864,0.000432,0.000432
1789340371,22,NEAR,0.000866,0.000433,0.000433
1789340371,22,BILL,0.004736,0.003027,0.003093
1789340983,23,BTC,0.000001,0.000001,0.000001
1789340983,23,ETH,0.000129,0.000065,0.000065
1789340983,23,SOL,0.000100,0.000050,0.000050
1789340983,23,ADA,0.000493,0.000591,0.000666
1789340983,23,LINK,0.000269,0.000134,0.000134
1789340983,23,AVAX,0.000137,0.000069,0.000105
1789340983,23,XRP,0.000075,0.000037,0.000037
1789340983,23,DOT,0.001101,0.000812,0.000882
1789340983,23,XLM,0.003223,0.001726,0.001754
1789340983,23,SUI,0.000285,0.000143,0.000143
1789340983,23,HYPE,0.000065,0.000032,0.000032
1789340983,23,ZEC,0.000327,0.000218,0.000323
1789340983,23,AAVE,0.000884,0.000504,0.000513
1789340983,23,TAO,0.000431,0.000215,0.000215
1789340983,23,NEAR,0.000432,0.000216,0.000216
1789340983,23,BILL,0.004721,0.003674,0.003805
1789341595,23,BTC,0.000001,0.000001,0.000001
1789341595,23,ETH,0.000004,0.000002,0.000002
1789341595,23,SOL,0.000101,0.000050,0.000050
1789341595,23,ADA,0.000493,0.000517,0.000630
1789341595,23,LINK,0.000269,0.000134,0.000134
1789341595,23,AVAX,0.000686,0.000343,0.000434
1789341595,23,XRP,0.000224,0.000112,0.000140
1789341595,23,DOT,0.001902,0.001034,0.001135
1789341595,23,XLM,0.003052,0.001602,0.001641
1789341595,23,SUI,0.000572,0.000286,0.000286
1789341595,23,HYPE,0.000297,0.000149,0.000149
1789341595,23,ZEC,0.000019,0.000009,0.000009
1789341595,23,AAVE,0.001448,0.000786,0.000795
1789341595,23,TAO,0.000431,0.000554,0.000601
1789341595,23,NEAR,0.000434,0.000217,0.000217
1789341595,23,BILL,0.004724,0.003020,0.003085
1789342205,23,BTC,0.000001,0.000001,0.000001
1789342205,23,ETH,0.000004,0.000002,0.000002
1789342205,23,SOL,0.000201,0.000101,0.000101
1789342205,23,ADA,0.000491,0.000246,0.000246
1789342205,23,LINK,0.000357,0.000249,0.000259
1789342205,23,AVAX,0.000137,0.000069,0.000069
1789342205,23,XRP,0.000224,0.000124,0.000155
1789342205,23,DOT,0.001401,0.000784,0.000880
1789342205,23,XLM,0.003101,0.001588,0.001597
1789342205,23,SUI,0.000428,0.000214,0.000214
1789342205,23,HYPE,0.000026,0.000109,0.000164
1789342205,23,ZEC,0.000771,0.000396,0.000414
1789342205,23,AAVE,0.000161,0.000846,0.000865
1789342205,23,TAO,0.000861,0.000430,0.000430
1789342205,23,NEAR,0.000434,0.000217,0.000217
1789342205,23,BILL,0.004710,0.003010,0.003075
1789342816,23,BTC,0.000001,0.000001,0.000001
1789342816,23,ETH,0.000073,0.000036,0.000036
1789342816,23,SOL,0.000201,0.000101,0.000101
1789342816,23,ADA,0.000491,0.000246,0.000246
1789342816,23,LINK,0.000357,0.000249,0.000259
1789342816,23,AVAX,0.000137,0.000306,0.000360
1789342816,23,XRP,0.000224,0.000191,0.000226
1789342816,23,DOT,0.000999,0.000583,0.000591
1789342816,23,XLM,0.003440,0.001796,0.001814
1789342816,23,SUI,0.000428,0.000334,0.000345
1789342816,23,HYPE,0.000297,0.000160,0.000174
1789342816,23,ZEC,0.000310,0.000158,0.000214
1789342816,23,AAVE,0.000080,0.001494,0.001531
1789342816,23,TAO,0.000431,0.000216,0.000216
1789342816,23,NEAR,0.000434,0.000392,0.000523
1789342816,23,BILL,0.004706,0.003007,0.003073
1789343426,23,BTC,0.000001,0.000001,0.000001
1789343426,23,ETH,0.000004,0.000002,0.000002
1789343426,23,SOL,0.000101,0.000050,0.000050
1789343426,23,ADA,0.000491,0.000570,0.000654
1789343426,23,LINK,0.000268,0.000134,0.000134
1789343426,23,AVAX,0.000137,0.000069,0.000105
1789343426,23,XRP,0.000149,0.000118,0.000134
1789343426,23,DOT,0.000100,0.000133,0.000232
1789343426,23,XLM,0.002875,0.001513,0.001532
1789343426,23,SUI,0.000428,0.000214,0.000214
1789343426,23,HYPE,0.000013,0.000006,0.000057
1789343426,23,ZEC,0.000395,0.000208,0.000226
1789343426,23,AAVE,0.001608,0.001178,0.001273
1789343426,23,TAO,0.000432,0.000216,0.000216
1789343426,23,NEAR,0.000435,0.000217,0.000217
1789343426,23,BILL,0.004728,0.003022,0.003088
1789344038,0,BTC,0.000001,0.000001,0.000001
1789344038,0,ETH,0.000081,0.000050,0.000086
1789344038,0,SOL,0.000202,0.000101,0.000101
1789344038,0,ADA,0.000492,0.000246,0.000246
1789344038,0,LINK,0.000268,0.000205,0.000214
1789344038,0,AVAX,0.000137,0.000069,0.000142
1789344038,0,XRP,0.000224,0.000112,0.000112
1789344038,0,DOT,0.000100,0.000423,0.001044
1789344038,0,XLM,0.003104,0.001590,0.001599
1789344038,0,SUI,0.000285,0.000143,0.000143
1789344038,0,HYPE,0.000194,0.000097,0.000097
1789344038,0,ZEC,0.000508,0.000274,0.000362
1789344038,0,AAVE,0.001851,0.000988,0.000997
1789344038,0,TAO,0.000864,0.000432,0.000432
1789344038,0,NEAR,0.000870,0.000435,0.000435
1789344038,0,BILL,0.014955,0.008152,0.009126
1789344648,0,BTC,0.000001,0.000001,0.000001
1789344648,0,ETH,0.000064,0.000032,0.000032
1789344648,0,SOL,0.000201,0.000101,0.000101
1789344648,0,ADA,0.000981,0.000491,0.000491
1789344648,0,LINK,0.000445,0.000293,0.000302
1789344648,0,AVAX,0.000137,0.000068,0.000140
1789344648,0,XRP,0.000149,0.000077,0.000113
1789344648,0,DOT,0.001204,0.000745,0.000774
1789344648,0,XLM,0.003373,0.001724,0.001734
1789344648,0,SUI,0.000427,0.000213,0.000213
1789344648,0,HYPE,0.000103,0.000066,0.000099
1789344648,0,ZEC,0.000471,0.000243,0.000258
1789344648,0,AAVE,0.001123,0.000623,0.000633
1789344648,0,TAO,0.000861,0.000431,0.000431
1789344648,0,NEAR,0.000434,0.000613,0.000632
1789344648,0,BILL,0.006294,0.003804,0.003869
1789345259,0,BTC,0.000001,0.000001,0.000001
1789345259,0,ETH,0.000068,0.000034,0.000034
1789345259,0,SOL,0.000201,0.000100,0.000100
1789345259,0,ADA,0.000980,0.000490,0.000490
1789345259,0,LINK,0.000267,0.000134,0.000134
1789345259,0,AVAX,0.000274,0.000137,0.000182
1789345259,0,XRP,0.000223,0.000112,0.000112
1789345259,0,DOT,0.000895,0.000595,0.000621
1789345259,0,XLM,0.002755,0.001490,0.001518
1789345259,0,SUI,0.000285,0.000170,0.000228
1789345259,0,HYPE,0.000013,0.000019,0.000069
1789345259,0,ZEC,0.000028,0.000050,0.000118
1789345259,0,AAVE,0.000883,0.000503,0.000513
1789345259,0,TAO,0.000861,0.000430,0.000430
1789345259,0,NEAR,0.000434,0.000217,0.000217
1789345259,0,BILL,0.004724,0.003038,0.003094
1789345870,0,BTC,0.000001,0.000001,0.000001
1789345870,0,ETH,0.000004,0.000002,0.000002
1789345870,0,SOL,0.000101,0.000050,0.000050
1789345870,0,ADA,0.000984,0.000492,0.000492
1789345870,0,LINK,0.000358,0.000179,0.000195
1789345870,0,AVAX,0.000137,0.000069,0.000114
1789345870,0,XRP,0.000224,0.000112,0.000114
1789345870,0,DOT,0.002093,0.001314,0.001380
1789345870,0,XLM,0.003271,0.001673,0.001683
1789345870,0,SUI,0.000430,0.000243,0.000366
1789345870,0,HYPE,0.000013,0.000006,0.000029
1789345870,0,ZEC,0.000417,0.000209,0.000209
1789345870,0,AAVE,0.002012,0.001068,0.001077
1789345870,0,TAO,0.000866,0.000736,0.000802
1789345870,0,NEAR,0.000873,0.000436,0.000436
1789345870,0,BILL,0.005514,0.004072,0.004203
1789346480,0,BTC,0.000001,0.000001,0.000001
1789346480,0,ETH,0.000093,0.000046,0.000046
1789346480,0,SOL,0.000201,0.000100,0.000100
1789346480,0,ADA,0.000490,0.000245,0.000245
1789346480,0,LINK,0.000356,0.000178,0.000178
1789346480,0,AVAX,0.000547,0.000273,0.000318
1789346480,0,XRP,0.000149,0.000074,0.000098
1789346480,0,DOT,0.000099,0.000828,0.000835
1789346480,0,XLM,0.001630,0.001028,0.001309
1789346480,0,SUI,0.000428,0.000214,0.000214
1789346480,0,HYPE,0.000398,0.000210,0.000243
1789346480,0,ZEC,0.000161,0.000091,0.000109
1789346480,0,AAVE,0.000160,0.000556,0.000971
1789346480,0,TAO,0.000430,0.000553,0.000599
1789346480,0,NEAR,0.000863,0.000432,0.000432
1789346480,0,BILL,0.005505,0.003409,0.003475
1789347091,0,BTC,0.000001,0.000001,0.000001
1789347091,0,ETH,0.000064,0.000032,0.000032
1789347091,0,SOL,0.000201,0.000100,0.000100
1789347091,0,ADA,0.000490,0.000245,0.000245
1789347091,0,LINK,0.000356,0.000178,0.000178
1789347091,0,AVAX,0.000683,0.000342,0.000387
1789347091,0,XRP,0.000223,0.000112,0.000119
1789347091,0,DOT,0.001188,0.000677,0.000685
1789347091,0,XLM,0.002809,0.001481,0.001556
1789347091,0,SUI,0.000427,0.000213,0.000213
1789347091,0,HYPE,0.000167,0.000085,0.000091
1789347091,0,ZEC,0.000199,0.000122,0.000170
1789347091,0,AAVE,0.001362,0.000743,0.000752
1789347091,0,TAO,0.000858,0.000429,0.000429
1789347091,0,NEAR,0.000868,0.000434,0.000434
1789347091,0,BILL,0.005510,0.003412,0.003477
1789347702,1,BTC,0.000001,0.000001,0.000001
1789347702,1,ETH,0.000004,0.000002,0.000002
1789347702,1,SOL,0.000201,0.000100,0.000100
1789347702,1,ADA,0.000490,0.000245,0.000245
1789347702,1,LINK,0.000266,0.000203,0.000213
1789347702,1,AVAX,0.000137,0.000186,0.000231
1789347702,1,XRP,0.000148,0.000074,0.000074
1789347702,1,DOT,0.001386,0.000775,0.000784
1789347702,1,XLM,0.003700,0.001887,0.001897
1789347702,1,SUI,0.000426,0.000213,0.000213
1789347702,1,HYPE,0.000167,0.000241,0.000265
1789347702,1,ZEC,0.000094,0.000047,0.000047
1789347702,1,AAVE,0.000080,0.000695,0.001246
1789347702,1,TAO,0.000430,0.000215,0.000215
1789347702,1,NEAR,0.000869,0.000435,0.000435
1789347702,1,BILL,0.004713,0.003031,0.003087
1789348312,1,BTC,0.000001,0.000001,0.000001
1789348312,1,ETH,0.000068,0.000034,0.000034
1789348312,1,SOL,0.000100,0.000050,0.000050
1789348312,1,ADA,0.000490,0.000531,0.000633
1789348312,1,LINK,0.000355,0.000177,0.000177
1789348312,1,AVAX,0.000136,0.000068,0.000139
1789348312,1,XRP,0.000223,0.000111,0.000111
1789348312,1,DOT,0.001087,0.000951,0.001194
1789348312,1,XLM,0.003022,0.001633,0.001851
1789348312,1,SUI,0.000568,0.000404,0.000415
1789348312,1,HYPE,0.000321,0.000160,0.000167
1789348312,1,ZEC,0.000263,0.000131,0.000131
1789348312,1,AAVE,0.000559,0.001195,0.001378
1789348312,1,TAO,0.000429,0.000215,0.000215
1789348312,1,NEAR,0.000867,0.000433,0.000433
1789348312,1,BILL,0.007067,0.004189,0.004254
1789348923,1,BTC,0.000001,0.000001,0.000001
1789348923,1,ETH,0.000069,0.000034,0.000034
1789348923,1,SOL,0.000101,0.000050,0.000050
1789348923,1,ADA,0.000984,0.000492,0.000492
1789348923,1,LINK,0.000089,0.000115,0.000124
1789348923,1,AVAX,0.000685,0.000342,0.000387
1789348923,1,XRP,0.000224,0.000112,0.000148
1789348923,1,DOT,0.000397,0.000281,0.000290
1789348923,1,XLM,0.002979,0.001565,0.001584
1789348923,1,SUI,0.000286,0.000264,0.000275
1789348923,1,HYPE,0.000206,0.000123,0.000170
1789348923,1,ZEC,0.000358,0.000193,0.000219
1789348923,1,AAVE,0.000643,0.000656,0.001095
1789348923,1,TAO,0.000862,0.000431,0.000431
1789348923,1,NEAR,0.000436,0.000218,0.000218
1789348923,1,BILL,0.006294,0.003804,0.003869
1789349533,1,BTC,0.000001,0.000001,0.000001
1789349533,1,ETH,0.000069,0.000034,0.000034
1789349533,1,SOL,0.000201,0.000101,0.000101
1789349533,1,ADA,0.000983,0.000491,0.000491
1789349533,1,LINK,0.000267,0.000204,0.000213
1789349533,1,AVAX,0.000684,0.000342,0.000414
1789349533,1,XRP,0.000224,0.000112,0.000112
1789349533,1,DOT,0.000793,0.000479,0.000487
1789349533,1,XLM,0.003206,0.001640,0.001650
1789349533,1,SUI,0.000285,0.000413,0.000420
1789349533,1,HYPE,0.000154,0.000095,0.000143
1789349533,1,ZEC,0.000170,0.000085,0.000085
1789349533,1,AAVE,0.001284,0.000704,0.000713
1789349533,1,TAO,0.000430,0.000215,0.000215
1789349533,1,NEAR,0.000435,0.000598,0.000626
1789349533,1,BILL,0.004717,0.003015,0.003080
1789350144,1,BTC,0.000001,0.000001,0.000001
1789350144,1,ETH,0.000109,0.000054,0.000054
1789350144,1,SOL,0.000100,0.000050,0.000050
1789350144,1,ADA,0.000980,0.000490,0.000490
1789350144,1,LINK,0.000266,0.000203,0.000213
1789350144,1,AVAX,0.000682,0.000341,0.000341
1789350144,1,XRP,0.000223,0.000112,0.000130
1789350144,1,DOT,0.000693,0.000429,0.000437
1789350144,1,XLM,0.001910,0.001570,0.001798
1789350144,1,SUI,0.000427,0.000213,0.000213
1789350144,1,HYPE,0.000308,0.000159,0.000183
1789350144,1,ZEC,0.000573,0.000302,0.000342
1789350144,1,AAVE,0.001363,0.000876,0.001226
1789350144,1,TAO,0.000857,0.000428,0.000428
1789350144,1,NEAR,0.000431,0.000610,0.000629
1789350144,1,BILL,0.003130,0.002218,0.002808
1789350755,1,BTC,0.000001,0.000001,0.000001
1789350755,1,ETH,0.000085,0.000042,0.000042
1789350755,1,SOL,0.000100,0.000050,0.000050
1789350755,1,ADA,0.000490,0.000245,0.000304
1789350755,1,LINK,0.000355,0.000248,0.000257
1789350755,1,AVAX,0.000136,0.000068,0.000113
1789350755,1,XRP,0.000223,0.000162,0.000174
1789350755,1,DOT,0.000495,0.001362,0.001598
1789350755,1,XLM,0.002304,0.001752,0.002073
1789350755,1,SUI,0.000427,0.000213,0.000213
1789350755,1,HYPE,0.000257,0.000130,0.000152
1789350755,1,ZEC,0.000383,0.000240,0.000373
1789350755,1,AAVE,0.001524,0.000890,0.001180
1789350755,1,TAO,0.000427,0.000214,0.000214
1789350755,1,NEAR,0.000430,0.000215,0.000215
1789350755,1,BILL,0.003127,0.003892,0.004295
1789351366,2,BTC,0.000001,0.000001,0.000001
1789351366,2,ETH,0.000116,0.000058,0.000058
1789351366,2,SOL,0.000200,0.000100,0.000100
1789351366,2,ADA,0.000488,0.000244,0.000244
1789351366,2,LINK,0.000354,0.000177,0.000177
1789351366,2,AVAX,0.000408,0.000204,0.000248
1789351366,2,XRP,0.000074,0.000048,0.000117
1789351366,2,DOT,0.000592,0.000378,0.000389
1789351366,2,XLM,0.003301,0.001725,0.001744
1789351366,2,SUI,0.000425,0.000263,0.000309
1789351366,2,HYPE,0.000013,0.000093,0.000198
1789351366,2,ZEC,0.000037,0.000019,0.000019
1789351366,2,AAVE,0.001280,0.000702,0.000711
1789351366,2,TAO,0.000426,0.000546,0.000593
1789351366,2,NEAR,0.000859,0.000430,0.000430
1789351366,2,BILL,0.004677,0.002988,0.003053
1789351976,2,BTC,0.000001,0.000001,0.000001
1789351976,2,ETH,0.000004,0.000002,0.000002
1789351976,2,SOL,0.000100,0.000050,0.000050
1789351976,2,ADA,0.000484,0.000242,0.000242
1789351976,2,LINK,0.000353,0.000316,0.000335
1789351976,2,AVAX,0.000135,0.000418,0.000446
1789351976,2,XRP,0.000148,0.000142,0.000182
1789351976,2,DOT,0.001474,0.000924,0.001028
1789351976,2,XLM,0.003397,0.001736,0.001745
1789351976,2,SUI,0.000563,0.000282,0.000282
1789351976,2,HYPE,0.000217,0.000116,0.000125
1789351976,2,ZEC,0.000536,0.000268,0.000268
1789351976,2,AAVE,0.000875,0.001210,0.001542
1789351976,2,TAO,0.000847,0.000424,0.000424
1789351976,2,NEAR,0.000854,0.000427,0.000427
1789351976,2,BILL,0.005437,0.003365,0.003431
1789352587,2,BTC,0.000001,0.000001,0.000001
1789352587,2,ETH,0.000076,0.000038,0.000038
1789352587,2,SOL,0.000199,0.000099,0.000099
1789352587,2,ADA,0.000483,0.000242,0.000422
1789352587,2,LINK,0.000353,0.000176,0.000176
1789352587,2,AVAX,0.000135,0.000067,0.000101
1789352587,2,XRP,0.000147,0.000108,0.000140
1789352587,2,DOT,0.001572,0.000868,0.000876
1789352587,2,XLM,0.002114,0.001213,0.001499
1789352587,2,SUI,0.000421,0.000211,0.000211
1789352587,2,HYPE,0.000013,0.000006,0.000071
1789352587,2,ZEC,0.000304,0.000152,0.000152
1789352587,2,AAVE,0.001589,0.001061,0.001511
1789352587,2,TAO,0.000424,0.000212,0.000212
1789352587,2,NEAR,0.000426,0.000213,0.000213
1789352587,2,BILL,0.003868,0.004062,0.004550
1789353197,2,BTC,0.000001,0.000001,0.000001
1789353197,2,ETH,0.000076,0.000038,0.000038
1789353197,2,SOL,0.000099,0.000050,0.000050
1789353197,2,ADA,0.000481,0.000241,0.000241
1789353197,2,LINK,0.000352,0.000176,0.000176
1789353197,2,AVAX,0.000539,0.000270,0.000313
1789353197,2,XRP,0.000220,0.000164,0.000211
1789353197,2,DOT,0.000489,0.000326,0.000334
1789353197,2,XLM,0.002600,0.001649,0.001870
1789353197,2,SUI,0.000420,0.000210,0.000210
1789353197,2,HYPE,0.000316,0.000158,0.000171
1789353197,2,ZEC,0.000119,0.000059,0.000059
1789353197,2,AAVE,0.001031,0.000576,0.000586
1789353197,2,TAO,0.000423,0.000542,0.000589
1789353197,2,NEAR,0.000425,0.000213,0.000213
1789353197,2,BILL,0.004630,0.002315,0.002315
1789353808,2,BTC,0.000001,0.000001,0.000001
1789353808,2,ETH,0.000068,0.000045,0.000047
1789353808,2,SOL,0.000099,0.000050,0.000050
1789353808,2,ADA,0.000483,0.000241,0.000241
1789353808,2,LINK,0.000177,0.000088,0.000088
1789353808,2,AVAX,0.000405,0.000203,0.000246
1789353808,2,XRP,0.000147,0.000074,0.000092
1789353808,2,DOT,0.000098,0.000750,0.000840
1789353808,2,XLM,0.003276,0.001675,0.001684
1789353808,2,SUI,0.000140,0.000070,0.000097
1789353808,2,HYPE,0.000013,0.000013,0.000035
1789353808,2,ZEC,0.000646,0.000331,0.000387
1789353808,2,AAVE,0.001033,0.000578,0.000587
1789353808,2,TAO,0.000847,0.000424,0.000424
1789353808,2,NEAR,0.000426,0.000213,0.000213
1789353808,2,BILL,0.001541,0.000770,0.002076
1789354419,2,BTC,0.000001,0.000001,0.000001
1789354419,2,ETH,0.000124,0.000062,0.000062
1789354419,2,SOL,0.000099,0.000050,0.000050
1789354419,2,ADA,0.000481,0.000241,0.000241
1789354419,2,LINK,0.000440,0.000220,0.000220
1789354419,2,AVAX,0.000809,0.000404,0.000448
1789354419,2,XRP,0.000146,0.000115,0.000131
1789354419,2,DOT,0.000488,0.000939,0.001031
1789354419,2,XLM,0.001825,0.001261,0.001493
1789354419,2,SUI,0.000280,0.000140,0.000140
1789354419,2,HYPE,0.000013,0.000006,0.000042
1789354419,2,ZEC,0.000009,0.000010,0.000012
1789354419,2,AAVE,0.001346,0.000734,0.000743
1789354419,2,TAO,0.000423,0.000542,0.000589
1789354419,2,NEAR,0.000423,0.000212,0.000212
1789354419,2,BILL,0.006149,0.003713,0.003779
1789355030,3,BTC,0.000001,0.000001,0.000001
1789355030,3,ETH,0.000068,0.000034,0.000034
1789355030,3,SOL,0.000099,0.000062,0.000106
1789355030,3,ADA,0.000483,0.000241,0.000241
1789355030,3,LINK,0.000176,0.000157,0.000167
1789355030,3,AVAX,0.000540,0.000270,0.000313
1789355030,3,XRP,0.000219,0.000110,0.000110
1789355030,3,DOT,0.000490,0.000328,0.000335
1789355030,3,XLM,0.002379,0.001410,0.001467
1789355030,3,SUI,0.000280,0.000140,0.000140
1789355030,3,HYPE,0.000366,0.000183,0.000200
1789355030,3,ZEC,0.000018,0.000009,0.000009
1789355030,3,AAVE,0.001510,0.000816,0.000825
1789355030,3,TAO,0.000847,0.000424,0.000424
1789355030,3,NEAR,0.000423,0.000211,0.000211
1789355030,3,BILL,0.006883,0.004095,0.004151
1789355641,3,BTC,0.000001,0.000001,0.000001
1789355641,3,ETH,0.000004,0.000002,0.000002
1789355641,3,SOL,0.000198,0.000099,0.000099
1789355641,3,ADA,0.000480,0.000240,0.000240
1789355641,3,LINK,0.000350,0.000244,0.000253
1789355641,3,AVAX,0.000673,0.000336,0.000379
1789355641,3,XRP,0.000218,0.000128,0.000190
1789355641,3,DOT,0.000783,0.000473,0.000481
1789355641,3,XLM,0.000937,0.001325,0.001671
1789355641,3,SUI,0.000279,0.000237,0.000329
1789355641,3,HYPE,0.000289,0.000146,0.000151
1789355641,3,ZEC,0.000297,0.000149,0.000149
1789355641,3,AAVE,0.000555,0.000419,0.000855
1789355641,3,TAO,0.000846,0.000423,0.000423
1789355641,3,NEAR,0.000840,0.000420,0.000420
1789355641,3,BILL,0.006883,0.004095,0.004151
1789356251,3,BTC,0.000001,0.000001,0.000001
1789356251,3,ETH,0.000091,0.000046,0.000046
1789356251,3,SOL,0.000099,0.000049,0.000049
1789356251,3,ADA,0.000481,0.000241,0.000241
1789356251,3,LINK,0.000351,0.000245,0.000254
1789356251,3,AVAX,0.000404,0.000202,0.000245
1789356251,3,XRP,0.000073,0.000036,0.000036
1789356251,3,DOT,0.000982,0.000572,0.000581
1789356251,3,XLM,0.002870,0.001471,0.001481
1789356251,3,SUI,0.000418,0.000209,0.000209
1789356251,3,HYPE,0.000176,0.000091,0.000113
1789356251,3,ZEC,0.000451,0.000233,0.000252
1789356251,3,AAVE,0.000238,0.001663,0.002045
1789356251,3,TAO,0.000849,0.000425,0.000425
1789356251,3,NEAR,0.000839,0.000419,0.000419
1789356251,3,BILL,0.005366,0.003993,0.004106
1789356861,3,BTC,0.000001,0.000001,0.000001
1789356861,3,ETH,0.000068,0.000034,0.000034
1789356861,3,SOL,0.000099,0.000050,0.000050
1789356861,3,ADA,0.000483,0.000241,0.000241
1789356861,3,LINK,0.000352,0.000176,0.000176
1789356861,3,AVAX,0.000135,0.000301,0.000354
1789356861,3,XRP,0.000218,0.000109,0.000109
1789356861,3,DOT,0.000394,0.000197,0.000223
1789356861,3,XLM,0.003084,0.001578,0.001588
1789356861,3,SUI,0.000420,0.000327,0.000339
1789356861,3,HYPE,0.000188,0.000099,0.000115
1789356861,3,ZEC,0.000271,0.000152,0.000189
1789356861,3,AAVE,0.001193,0.000657,0.000667
1789356861,3,TAO,0.000425,0.000212,0.000212
1789356861,3,NEAR,0.000842,0.000421,0.000421
1789356861,3,BILL,0.006947,0.004757,0.004888
1789357471,3,BTC,0.000001,0.000001,0.000001
1789357471,3,ETH,0.000004,0.000136,0.000147
1789357471,3,SOL,0.000199,0.000099,0.000099
1789357471,3,ADA,0.000483,0.000484,0.000606
1789357471,3,LINK,0.000264,0.000202,0.000211
1789357471,3,AVAX,0.000135,0.000068,0.000102
1789357471,3,XRP,0.000073,0.000104,0.000144
1789357471,3,DOT,0.000691,0.000345,0.000345
1789357471,3,XLM,0.002924,0.001535,0.001554
1789357471,3,SUI,0.000280,0.000140,0.000140
1789357471,3,HYPE,0.000100,0.000062,0.000091
1789357471,3,ZEC,0.000525,0.000271,0.000290
1789357471,3,AAVE,0.000080,0.001142,0.001497
1789357471,3,TAO,0.000850,0.000425,0.000425
1789357471,3,NEAR,0.000421,0.000210,0.000210
1789357471,3,BILL,0.005395,0.003338,0.003404
1789358082,3,BTC,0.000001,0.000001,0.000001
1789358082,3,ETH,0.000028,0.000069,0.000079
1789358082,3,SOL,0.000099,0.000050,0.000050
1789358082,3,ADA,0.000483,0.000465,0.000596
1789358082,3,LINK,0.000176,0.000088,0.000088
1789358082,3,AVAX,0.000676,0.000338,0.000381
1789358082,3,XRP,0.000219,0.000109,0.000132
1789358082,3,DOT,0.000689,0.000345,0.000362
1789358082,3,XLM,0.000714,0.001032,0.001246
1789358082,3,SUI,0.000419,0.000210,0.000210
1789358082,3,HYPE,0.000013,0.000134,0.000174
1789358082,3,ZEC,0.000242,0.000123,0.000126
1789358082,3,AAVE,0.001352,0.000737,0.000746
1789358082,3,TAO,0.000424,0.000212,0.000212
1789358082,3,NEAR,0.000420,0.000210,0.000210
1789358082,3,BILL,0.004619,0.002968,0.003024
1789358692,4,BTC,0.000001,0.000001,0.000001
1789358692,4,ETH,0.000004,0.000026,0.000072
1789358692,4,SOL,0.000099,0.000050,0.000064
1789358692,4,ADA,0.000484,0.000242,0.000242
1789358692,4,LINK,0.000264,0.000201,0.000211
1789358692,4,AVAX,0.000135,0.000418,0.000480
1789358692,4,XRP,0.000073,0.000265,0.000298
1789358692,4,DOT,0.000296,0.000148,0.000166
1789358692,4,XLM,0.002365,0.001652,0.001804
1789358692,4,SUI,0.000280,0.000278,0.000279
1789358692,4,HYPE,0.000312,0.000156,0.000174
1789358692,4,ZEC,0.000288,0.000166,0.000222
1789358692,4,AAVE,0.000796,0.000459,0.000468
1789358692,4,TAO,0.000425,0.000212,0.000212
1789358692,4,NEAR,0.000839,0.000419,0.000419
1789358692,4,BILL,0.005391,0.003335,0.003401
1789359304,4,BTC,0.000001,0.000001,0.000001
1789359304,4,ETH,0.000028,0.000043,0.000099
1789359304,4,SOL,0.000198,0.000099,0.000099
1789359304,4,ADA,0.000483,0.000242,0.000242
1789359304,4,LINK,0.000176,0.000157,0.000167
1789359304,4,AVAX,0.000541,0.000271,0.000314
1789359304,4,XRP,0.000146,0.000114,0.000130
1789359304,4,DOT,0.000589,0.000295,0.000295
1789359304,4,XLM,0.003079,0.001613,0.001631
1789359304,4,SUI,0.000419,0.000209,0.000209
1789359304,4,HYPE,0.000125,0.000072,0.000100
1789359304,4,ZEC,0.000472,0.000244,0.000262
1789359304,4,AAVE,0.001189,0.000655,0.000665
1789359304,4,TAO,0.000847,0.000424,0.000424
1789359304,4,NEAR,0.000420,0.000210,0.000210
1789359304,4,BILL,0.005387,0.003333,0.003398
1789359915,4,BTC,0.000001,0.000001,0.000001
1789359915,4,ETH,0.000107,0.000054,0.000054
1789359915,4,SOL,0.000099,0.000049,0.000049
1789359915,4,ADA,0.000965,0.000483,0.000483
1789359915,4,LINK,0.000351,0.000245,0.000254
1789359915,4,AVAX,0.000675,0.000337,0.000381
1789359915,4,XRP,0.000073,0.000177,0.000217
1789359915,4,DOT,0.000196,0.000098,0.000112
1789359915,4,XLM,0.002305,0.001224,0.001562
1789359915,4,SUI,0.000139,0.000192,0.000271
1789359915,4,HYPE,0.000537,0.000269,0.000290
1789359915,4,ZEC,0.000792,0.000402,0.000417
1789359915,4,AAVE,0.001027,0.000655,0.001009
1789359915,4,TAO,0.000846,0.000753,0.000800
1789359915,4,NEAR,0.000833,0.000416,0.000416
1789359915,4,BILL,0.004615,0.002947,0.003013
1789360527,4,BTC,0.000001,0.000001,0.000001
1789360527,4,ETH,0.000004,0.000002,0.000002
1789360527,4,SOL,0.000099,0.000050,0.000050
1789360527,4,ADA,0.000484,0.000242,0.000242
1789360527,4,LINK,0.000264,0.000201,0.000211
1789360527,4,AVAX,0.000811,0.000405,0.000449
1789360527,4,XRP,0.000218,0.000109,0.000109
1789360527,4,DOT,0.000687,0.000425,0.000433
1789360527,4,XLM,0.003848,0.001961,0.001970
1789360527,4,SUI,0.000419,0.000209,0.000209
1789360527,4,HYPE,0.000137,0.000075,0.000111
1789360527,4,ZEC,0.000179,0.000090,0.000090
1789360527,4,AAVE,0.000714,0.001062,0.001524
1789360527,4,TAO,0.000849,0.000425,0.000425
1789360527,4,NEAR,0.000417,0.000209,0.000209
1789360527,4,BILL,0.004626,0.002954,0.003020
1789361138,4,BTC,0.000001,0.000001,0.000001
1789361138,4,ETH,0.000052,0.000026,0.000026
1789361138,4,SOL,0.000099,0.000100,0.000224
1789361138,4,ADA,0.000483,0.000540,0.000633
1789361138,4,LINK,0.000263,0.000201,0.000210
1789361138,4,AVAX,0.000810,0.000405,0.000405
1789361138,4,XRP,0.000145,0.000094,0.000120
1789361138,4,DOT,0.000589,0.000295,0.000295
1789361138,4,XLM,0.001807,0.000976,0.001597
1789361138,4,SUI,0.000418,0.000209,0.000209
1789361138,4,HYPE,0.000299,0.000155,0.000186
1789361138,4,ZEC,0.000358,0.000179,0.000179
1789361138,4,AAVE,0.000555,0.000581,0.000628
1789361138,4,TAO,0.000849,0.000424,0.000424
1789361138,4,NEAR,0.000835,0.000418,0.000418
1789361138,4,BILL,0.005407,0.003346,0.003412
1789361750,4,BTC,0.000001,0.000001,0.000001
1789361750,4,ETH,0.000044,0.000022,0.000022
1789361750,4,SOL,0.000099,0.000049,0.000049
1789361750,4,ADA,0.000483,0.000241,0.000241
1789361750,4,LINK,0.000263,0.000201,0.000210
1789361750,4,AVAX,0.000135,0.000067,0.000169
1789361750,4,XRP,0.000073,0.000036,0.000036
1789361750,4,DOT,0.000098,0.000613,0.000626
1789361750,4,XLM,0.002851,0.001534,0.001562
1789361750,4,SUI,0.000418,0.000234,0.000292
1789361750,4,HYPE,0.000175,0.000100,0.000122
1789361750,4,ZEC,0.000430,0.000223,0.000241
1789361750,4,AAVE,0.000079,0.000040,0.000040
1789361750,4,TAO,0.000425,0.000546,0.000592
1789361750,4,NEAR,0.000836,0.000418,0.000418
1789361750,4,BILL,0.003868,0.003222,0.003353
1789362361,5,BTC,0.000001,0.000001,0.000001
1789362361,5,ETH,0.000064,0.000032,0.000032
1789362361,5,SOL,0.000099,0.000049,0.000049
1789362361,5,ADA,0.000483,0.000241,0.000241
1789362361,5,LINK,0.000088,0.000113,0.000123
1789362361,5,AVAX,0.000405,0.000202,0.000245
1789362361,5,XRP,0.000218,0.000109,0.000109
1789362361,5,DOT,0.000884,0.000524,0.000532
1789362361,5,XLM,0.002303,0.001478,0.001562
1789362361,5,SUI,0.000279,0.000153,0.000216
1789362361,5,HYPE,0.000288,0.000145,0.000153
1789362361,5,ZEC,0.000009,0.000004,0.000004
1789362361,5,AAVE,0.000397,0.000440,0.000719
1789362361,5,TAO,0.000426,0.000213,0.000213
1789362361,5,NEAR,0.000418,0.000209,0.000209
1789362361,5,BILL,0.004644,0.002966,0.003032
1789362971,5,BTC,0.000001,0.000001,0.000001
1789362971,5,ETH,0.000040,0.000020,0.000020
1789362971,5,SOL,0.000099,0.000049,0.000049
1789362971,5,ADA,0.000965,0.000483,0.000483
1789362971,5,LINK,0.000352,0.000176,0.000176
1789362971,5,AVAX,0.000675,0.000337,0.000337
1789362971,5,XRP,0.000145,0.000073,0.000073
1789362971,5,DOT,0.000885,0.000524,0.000533
1789362971,5,XLM,0.003177,0.001625,0.001634
1789362971,5,SUI,0.000418,0.000234,0.000292
1789362971,5,HYPE,0.000013,0.000042,0.000098
1789362971,5,ZEC,0.000090,0.000045,0.000045
1789362971,5,AAVE,0.001192,0.000657,0.000666
1789362971,5,TAO,0.000853,0.000426,0.000426
1789362971,5,NEAR,0.000417,0.000209,0.000209
1789362971,5,BILL,0.004651,0.002971,0.003036
1789363582,5,BTC,0.000001,0.000001,0.000001
1789363582,5,ETH,0.000080,0.000040,0.000040
1789363582,5,SOL,0.000099,0.000050,0.000050
1789363582,5,ADA,0.000483,0.000242,0.000242
1789363582,5,LINK,0.000264,0.000202,0.000211
1789363582,5,AVAX,0.000135,0.000301,0.000388
1789363582,5,XRP,0.000145,0.000073,0.000086
1789363582,5,DOT,0.000985,0.000574,0.000583
1789363582,5,XLM,0.002465,0.001269,0.001278
1789363582,5,SUI,0.000279,0.000255,0.000267
1789363582,5,HYPE,0.000176,0.000098,0.000148
1789363582,5,ZEC,0.000099,0.000056,0.000071
1789363582,5,AAVE,0.000956,0.000845,0.000901
1789363582,5,TAO,0.000427,0.000547,0.000594
1789363582,5,NEAR,0.000418,0.000209,0.000209
1789363582,5,BILL,0.005441,0.003368,0.003433
