symbol,direction,entry_time,exit_time,entry,sl,tp1,outcome,net_r,risk_pct,size_mult,eff_ratio,z
LABUSDT,LONG,1772739900,1772754300,0.15514,0.14126285714285713,0.1586092857142857,SL,-1.0134154416306362,0.08944916112635595,1,0.3484698914116486,-1.3121308799335694
LABUSDT,LONG,1773680400,1773681300,0.18312,0.17216142857142858,0.18585964285714285,TP2,0.22994775127101943,0.059843662235536395,1,0.10926258992805765,-1.6675477241578318
LABUSDT,SHORT,1775493000,1775497500,0.29197,0.30735285714285715,0.2881242857142857,TP2,0.22722373699851411,0.05268643060196987,1,0.44259171033825545,1.2184865940554377
LABUSDT,SHORT,1775594700,1775595600,0.38245,0.4048557142857143,0.3768485714285714,TP2,0.22951683244070453,0.05858468894159835,1,0.6618049225159532,1.9277705896907704
ZECUSDT,SHORT,1775605500,1775609100,319.02,337.04714285714283,314.51321428571424,TP2,0.22876402250574687,0.05650787680127539,1,0.6773934030571193,1.3280754766018044
LABUSDT,SHORT,1775610900,1775612700,0.39428,0.41852000000000006,0.38822,TP2,0.2304811881188119,0.061479151871766294,1,0.06420097697138899,1.1765451570055574
LABUSDT,LONG,1775619000,1775619900,0.36294,0.33884142857142857,0.36896464285714287,TP2,0.23192722745865313,0.06639822402758429,1,0.10322695667676984,-1.8840195008455196
LABUSDT,SHORT,1775672100,1775673000,0.40058,0.44712,0.388945,TP2,0.2396713364847443,0.1161815367716811,1,0.25437804657880503,1.5031173506711621
LABUSDT,SHORT,1775751300,1775752200,0.39917,0.4192871428571429,0.3941407142857143,TP2,0.22618926288879487,0.05039743181387094,1,0.29948867786705535,1.6560813666731156
ZECUSDT,SHORT,1775760300,1775765700,355.25,374.56714285714287,350.42071428571427,SL,-1.0220684809939358,0.05437619382728464,1,0.6637323943661998,2.176798748011148
LABUSDT,SHORT,1775763000,1775765700,0.42513,0.4552114285714286,0.41760964285714286,TP2,0.23304083202735432,0.07075818825166083,1,0.4402861860209137,1.6074416890610503
TAOUSDT,LONG,1775781900,1775785500,287.8,273.1142857142857,291.4714285714286,TP2,0.22648326848249029,0.05102749925543538,1,0.7395209580838312,-2.1625355160935658
LABUSDT,SHORT,1775791800,1775794500,0.44971,0.4718342857142857,0.44417892857142854,SL,-1.0243918383160069,0.0491967839591864,1,0.40793632213508096,1.965044918932519
LABUSDT,SHORT,1775808000,1775808900,0.48397,0.5098228571428571,0.47750678571428573,TP2,0.2275357904625076,0.05341830514878432,1,0.2520732883317262,1.5007623985379348
LABUSDT,LONG,1775815200,1775816100,0.4439,0.4122928571428572,0.45180178571428575,TP2,0.233146847457628,0.07120329546551665,1,0.1902894802702929,-1.7910661862109258
LABUSDT,SHORT,1775830500,1775831400,0.50864,0.5450228571428571,0.4995442857142857,TP2,0.23322374744777685,0.07152968139127308,1,0.3609022556390981,1.3725630688202621
LABUSDT,LONG,1775845800,1775846700,0.50028,0.46747285714285713,0.5084817857142857,TP2,0.23170105813194156,0.06557756227940918,1,0.01151761517615201,-1.2025459892626955
LABUSDT,SHORT,1775876400,1775877300,0.54752,0.5797328571428572,0.5394667857142857,TP2,0.22960367200319218,0.05883411956249478,1,0.18165741813525196,1.4337980767705818
LABUSDT,LONG,1775882700,1775883600,0.50334,0.4655757142857143,0.5127810714285714,TP2,0.23400584074144126,0.07502738847356791,1,0.0089310895929304,-1.4367448251989887
LABUSDT,LONG,1775925000,1775925900,0.45857,0.4313085714285714,0.4653853571428571,TP2,0.22981455745951845,0.0594487833295431,1,0.5025608194622283,-1.9821751583042981
LABUSDT,LONG,1775961900,1775962800,0.4252,0.40273285714285717,0.4308167857142857,TP2,0.22728950213009413,0.052839000134390565,1,0.2524606713216116,-1.1168206822947015
LABUSDT,SHORT,1775968200,1775974500,0.44088,0.46204428571428574,0.43558892857142856,TP2,0.22500241646979416,0.04800464007050837,1,0.08901860634804856,1.0792376855260464
LABUSDT,SHORT,1775979900,1775980800,0.48986,0.5173314285714286,0.48299214285714287,TP2,0.2286020592823718,0.05608016284536107,1,0.47736072698538146,1.7960728087901034
LABUSDT,SHORT,1776015900,1776016800,0.54963,0.5826014285714285,0.5413871428571428,TP2,0.22999613518197493,0.0599884077860171,1,0.566824644549763,1.8341560222489552
LABUSDT,LONG,1776033000,1776039300,0.54832,0.5016385714285715,0.5599903571428572,TP2,0.23590480154236926,0.08513537454666725,1,0.0027118644067797406,-1.0716507000229145
LABUSDT,LONG,1776047400,1776051900,0.52733,0.49885428571428564,0.5344489285714286,TP2,0.2277776952791858,0.05399979952916451,1,0.20784844384303117,-1.519450675951444
LABUSDT,SHORT,1776069000,1776069900,0.58321,0.6160414285714285,0.5750021428571429,TP2,0.2286834740231477,0.05629435121384844,1,0.34819224626107226,2.0573943211454693
LABUSDT,LONG,1776083400,1776085200,0.5755,0.5263942857142857,0.5877764285714285,TP2,0.23593646360621287,0.08532704480575898,1,0.03928060494584104,-1.0119529467438566
LABUSDT,LONG,1776107700,1776108600,0.55212,0.5186828571428572,0.5604792857142857,TP2,0.23018538836195762,0.060561368646567464,1,0.18567433188315757,-2.211757498185054
LABUSDT,SHORT,1776117600,1776120300,0.5942,0.6253642857142857,0.5864089285714286,TP2,0.22711996332798357,0.052447468384863194,1,0.13989556542747922,1.2535825122507627
LABUSDT,SHORT,1776136500,1776137400,0.701,0.7425042857142856,0.6906239285714285,TP2,0.22973221354077097,0.059207254941919654,1,0.6074393889073386,2.0127158405868526
LABUSDT,LONG,1776152700,1776153600,0.56958,0.5146185714285714,0.5833203571428571,TP2,0.23756407870454604,0.09649466022583066,1,0.42273740023126577,-1.5020390418301537
LABUSDT,SHORT,1776174300,1776176100,0.57935,0.6091885714285714,0.5718903571428572,TP2,0.22670062718437303,0.051503532283716943,1,0.07001235129688586,1.5846176859297152
LABUSDT,SHORT,1776185100,1776186000,0.59019,0.6254885714285714,0.5813653571428571,TP2,0.2299360718766457,0.0598088266974558,1,0.21079127404156467,1.0999061195292634
LABUSDT,LONG,1776188700,1776189600,0.50812,0.45629857142857144,0.5210753571428571,TP2,0.23823374776016487,0.10198659484261308,1,0.15893968276804643,-1.9352330663212578
LABUSDT,LONG,1776222900,1776223800,0.43832,0.4090014285714285,0.44564964285714287,TP2,0.23205969887443406,0.06688850937345192,1,0.504788873157325,-1.5401580711292753
LABUSDT,SHORT,1776232800,1776235500,0.46894,0.5225185714285715,0.45554535714285715,TP2,0.23949714438074923,0.11425464116639959,1,0.017976449743457187,1.1660756654297892
LABUSDT,SHORT,1776261600,1776262500,0.471,0.4946142857142857,0.4650964285714285,TP2,0.2260653357531772,0.05013648771610552,1,0.056310679611650254,1.035364208161418
LABUSDT,LONG,1776266100,1776267900,0.4487,0.42278571428571426,0.45517857142857143,TP2,0.22922227122381533,0.0577541469005699,1,0.0022075055187641677,-1.4511691539142813
LABUSDT,SHORT,1776280500,1776282300,0.4982,0.5262,0.49119999999999997,TP2,0.22864857142857145,0.05620232838217587,1,0.28266438941075933,1.7411682193319409
LABUSDT,LONG,1776358800,1776359700,0.4745,0.4486285714285714,0.4809678571428571,TP2,0.22799116510215298,0.05452355863314769,1,0.15643564356435635,-1.5590752621628545
LABUSDT,SHORT,1776428100,1776429000,0.5775,0.6274285714285714,0.5650178571428571,TP2,0.2361201716738203,0.08645640074211504,1,0.3017031630170318,1.7080301098344868
LABUSDT,SHORT,1776447900,1776452400,0.5723,0.6012857142857143,0.5650535714285715,TP2,0.22630694923607594,0.05064776216270187,1,0.23588039867109564,1.7432338711838373
LABUSDT,SHORT,1776475800,1776477600,0.6091,0.6384285714285713,0.6017678571428571,TP2,0.22507822698490204,0.04815066726082978,1,0.3938294010889285,1.4979908024195498
LABUSDT,LONG,1776492000,1776493800,0.5934,0.5594857142857144,0.6018785714285715,TP2,0.22900353833193005,0.05715248687948377,1,0.2167247386759582,-1.1745044454841083
LABUSDT,LONG,1776512700,1776514500,0.5812,0.5490428571428572,0.5892392857142857,TP2,0.22831150599733369,0.055328876216694564,1,0.2101265822784806,-1.5613891113435137
LABUSDT,LONG,1776537000,1776537900,0.4946,0.4665714285714286,0.5016071428571428,TP2,0.22882446483180327,0.05666916989197614,1,0.7607476635514021,-1.7196728633975102
LABUSDT,SHORT,1776588300,1776591000,0.5768,0.6065,0.569375,SL,-1.0233050505050505,0.05149098474341195,1,0.3338570306362922,1.3648886515955851
LABUSDT,SHORT,1776609900,1776610800,0.6706,0.7114571428571428,0.6603857142857142,TP2,0.2303040559440566,0.06092624941417064,1,0.4136732329084585,2.000720069500994
LABUSDT,LONG,1776618000,1776619800,0.5987,0.5454428571428571,0.6120142857142857,SL,-1.0134900214592275,0.08895463981483694,1,0.05533199195171032,-1.1690503080756485
LABUSDT,LONG,1776632400,1776634200,0.5624,0.5335714285714286,0.5696071428571429,TP2,0.2265898909811695,0.05125990652306447,1,0.42498347653668167,-1.0838968776313456
LABUSDT,LONG,1776651300,1776652200,0.509,0.4802,0.5162,TP2,0.22879166666666617,0.056581532416502885,1,0.44079449961802913,-1.7023574704780513
LABUSDT,SHORT,1776663000,1776663900,0.547,0.5802,0.5387000000000001,TP2,0.23022891566264977,0.060694698354661826,1,0.11145833333333317,1.3773887330005596
LABUSDT,SHORT,1776946500,1776947400,0.6757,0.7104857142857143,0.6670035714285714,TP2,0.22669043121149973,0.051481003826719364,1,0.4980392156862752,1.9955290646469714
LABUSDT,SHORT,1776981600,1776990600,0.6952,0.7440428571428572,0.6829892857142857,SL,-1.017080081895291,0.07025727437119841,1,0.20624999999999985,1.685313269341113
LABUSDT,SHORT,1776992400,1776995100,0.7509,0.7879,0.74165,SL,-1.0243535135135136,0.04927420428818749,1,0.6304787592717477,1.5405679756188146
LABUSDT,SHORT,1777006800,1777007700,0.9144,1.0056285714285713,0.8915928571428572,TP2,0.2379721891637955,0.09976877890263716,1,0.6684014869888472,1.4568116999670906
LABUSDT,LONG,1777011300,1777023000,0.7252,0.6029428571428571,0.7557642857142857,TP2,0.24288188829165694,0.1685840359309747,1,0.12359072537757927,-1.8491714627206497
LABUSDT,SHORT,1777028400,1777030200,0.7772,0.8981857142857144,0.7469535714285714,TP2,0.24229132128940822,0.15566870083082132,1,0.105529673891027,1.134949282389765
LABUSDT,LONG,1777039200,1777040100,0.6704,0.6009857142857143,0.6877535714285714,TP2,0.2384104548260959,0.10354159563586768,1,0.043728187230548096,-1.0390598582775987
LABUSDT,SHORT,1777049100,1777050000,0.7178,0.7736285714285714,0.7038428571428571,TP2,0.2345713408393045,0.0777773355092943,1,0.13938527519656901,1.1689791278955899
LABUSDT,SHORT,1777117500,1777119300,0.7781,0.8268285714285714,0.7659178571428572,TP2,0.23083834652594487,0.06262507573393057,1,0.2487462387161479,1.3721740663972553
LABUSDT,LONG,1777125600,1777126500,0.7401,0.6979571428571428,0.7506357142857143,TP2,0.22892596610169558,0.05694211206979751,1,0.009532888465204966,-1.1471942789375473
LABUSDT,SHORT,1777144500,1777145400,0.83,0.8768285714285713,0.8182928571428572,TP2,0.22873093349603357,0.05641996557659203,1,0.5181483429773792,1.5599070146820584
LABUSDT,LONG,1777153500,1777156200,0.72,0.5311,0.7672249999999999,TP2,0.2454261514028585,0.2623611111111111,1,0.052944862155388364,-1.5811472654142267
LABUSDT,LONG,1777176900,1777178700,0.8115,0.7257571428571429,0.8329357142857143,TP2,0.23864278573808798,0.1056597130534284,1,0.19042357274401464,-1.26122713149719
LABUSDT,SHORT,1777184100,1777213800,0.8856,0.9776428571428573,0.8625892857142857,TP2,0.23845407418904266,0.10393276551813138,1,0.19213034122348605,1.73403565550747
LABUSDT,LONG,1777215600,1777216500,0.8717,0.8211714285714286,0.8843321428571429,TP2,0.2292980491942324,0.057965551713400745,1,0.2804995196926034,-1.3175306580672301
LABUSDT,LONG,1777229100,1777230000,0.8022,0.7312857142857143,0.8199285714285715,TP2,0.2364253021756648,0.08839975780888269,1,0.31046431046431017,-1.1079876393385277
LABUSDT,LONG,1777299300,1777301100,0.6955,0.6572714285714285,0.7050571428571428,TP2,0.22816816143497615,0.05496559515251107,1,0.43852978453738883,-1.4983085669525242
LABUSDT,LONG,1777311000,1777311900,0.6025,0.5421,0.6176,TP2,0.2380298013245033,0.10024896265560164,1,0.5070603337612318,-1.6419279671448401
LABUSDT,SHORT,1777326300,1777327200,0.6663,0.7139285714285715,0.6543928571428571,TP2,0.23321259748050446,0.07148217233764285,1,0.15773630343166775,1.5762859723404392
LABUSDT,SHORT,1777387500,1777392900,0.722,0.7603571428571428,0.7124107142857142,TP2,0.22741229050279402,0.0531262366442422,1,0.2923627684964193,1.3304632208398013
LABUSDT,SHORT,1777670100,1777671000,0.8767,0.9596,0.855975,TP2,0.23730952955367912,0.09455914223793771,1,0.739571150097466,1.5153149775524477
LABUSDT,SHORT,1777680900,1777681800,1.1838,1.3080285714285713,1.152742857142857,SL,-1.0114350505979761,0.104940506359665,1,0.686661277283751,1.8920766728530403
LABUSDT,SHORT,1777699800,1777700700,1.8081,2.0690714285714287,1.7428571428571429,TP2,0.24168598642434858,0.1443346211887775,1,0.40505173463177113,1.7574418885111722
LABUSDT,SHORT,1777716000,1777731300,2.0706,2.534614285714286,1.9545964285714288,SL,-1.0053548351343862,0.2240965351657904,1,0.060694993832674106,1.4830914961521813
LABUSDT,SHORT,1777734900,1777738500,2.7222,3.039442857142857,2.642889285714286,SL,-1.0102969694240556,0.11653914375977412,1,0.6303645078586552,1.9778992502320087
LABUSDT,LONG,1777748400,1777749300,1.7847,0.9248999999999999,1.99965,TP2,0.24750914166085133,0.48176164061186755,1,0.20304055030492207,-1.8907294016802323
LABUSDT,SHORT,1777758300,1777761000,3.1818,4.052414285714286,2.9641464285714285,TP2,0.2456144069048127,0.27362319621418246,1,0.018387011931234057,1.38689739415109
LABUSDT,LONG,1777773600,1777802400,1.3911,0.5921142857142857,1.5908464285714286,TP2,0.24791070106742474,0.5743553405835053,1,0.43582779543484546,-1.448477474191802
LABUSDT,SHORT,1777803300,1777807800,1.3984,1.6730714285714288,1.329732142857143,TP2,0.24389059135590577,0.19641835567178814,1,0.22371589085072224,1.280051342145323
LABUSDT,SHORT,1777817700,1777819500,1.4878,1.7030285714285716,1.433992857142857,TP2,0.2417048187972922,0.14466230100051852,1,0.02823179791976222,1.1198233169707672
LABUSDT,SHORT,1777833900,1777834800,2.4235,2.7964857142857147,2.3302535714285715,TP2,0.24220291853383918,0.15390374016328215,1,0.7362514922403499,2.154002952761647
LABUSDT,SHORT,1777846500,1777847400,2.4948,2.9521285714285717,2.3804678571428575,TP2,0.24345380938993486,0.18331271902700472,1,0.39146128249957735,1.0160044324888613
LABUSDT,LONG,1777853700,1777856400,2.1486,1.686942857142857,2.264014285714286,TP2,0.24441507612328292,0.2148641640403719,1,0.227870150435471,-1.9696902291278153
LABUSDT,LONG,1777865400,1777866300,2.0953,1.5957999999999999,2.220175,TP2,0.2449662462462459,0.23839068391161172,1,0.17994161801501268,-1.0190336446907775
LABUSDT,LONG,1777879800,1777883400,1.9831,1.7309571428571429,2.046135714285714,SL,-1.0094379830028328,0.12714581067160363,1,0.13931827189853357,-1.6881473546560253
LABUSDT,LONG,1777893300,1777898700,1.5993,1.3277857142857141,1.6671785714285714,TP2,0.24293164263916658,0.1697707032541023,1,0.5628497632371935,-1.2499919205022547
LABUSDT,SHORT,1777942800,1777943700,1.8372,2.079185714285714,1.7767035714285715,TP2,0.24088937953834325,0.1317144101272122,1,0.2385312350977588,1.9950008049933525
LABUSDT,SHORT,1777968000,1777968900,2.1857,2.388214285714286,2.135071428571429,SL,-1.0129513826185101,0.09265420035425068,1,0.4801379770780019,1.9735790680078111
LABUSDT,SHORT,1778003100,1778005800,2.6354,2.9008285714285718,2.569042857142857,TP2,0.23808538213132446,0.10071661661553144,1,0.07450561197220747,1.2670777411249778
ZECUSDT,SHORT,1778016600,1778045400,507.76,536.6671428571428,500.5332142857143,SL,-1.0210782505559675,0.05693072092552163,1,0.8260498827542088,2.1137996728466484
LABUSDT,SHORT,1778048100,1778049000,2.8062,2.978957142857143,2.7630107142857145,TP2,0.2305076655916633,0.06156266226824269,1,0.2359226797934925,1.4381688255367762
LABUSDT,SHORT,1778058900,1778059800,3.3771,3.7068857142857143,3.2946535714285714,TP2,0.23771165692007798,0.09765352352187208,1,0.5423467316280958,1.7927544915059677
LABUSDT,SHORT,1778071500,1778072400,3.5987,3.9030428571428573,3.522614285714286,TP2,0.23581060833646192,0.08457022178643878,1,0.388438939177386,2.007366370073268
LABUSDT,SHORT,1778087700,1778091300,4.285,5.181128571428571,4.060967857142857,TP2,0.24426198409029368,0.20913152192032003,1,0.15442483262325007,1.1499470026478762
LABUSDT,SHORT,1778108400,1778109300,4.3571,4.635428571428571,4.287517857142857,TP2,0.231214576810552,0.06387931684573946,1,0.18510308135668335,1.577535801497804
LABUSDT,SHORT,1778122800,1778125500,4.5555,4.923657142857143,4.463460714285715,TP2,0.23515144930348064,0.08081596813898426,1,0.2245212038303693,1.1755493616489132
LABUSDT,SHORT,1778139000,1778140800,4.7025,5.172214285714285,4.585071428571428,TP2,0.23798631386861313,0.09988607883344727,1,0.07805786307648219,1.2700781323559038
LABUSDT,LONG,1778156100,1778157000,3.7206,3.119957142857143,3.8707607142857143,TP2,0.24256676418123418,0.16143709539935955,1,0.4862367185569561,-1.6399891577923476
BILLUSDT,SHORT,1778158800,1778161500,0.07622,0.08131857142857143,0.07494535714285713,SL,-1.0179391426169795,0.06689282902875143,1,0.18969219756621333,2.1718962304952085
BILLUSDT,SHORT,1778173200,1778175000,0.08678,0.09435,0.08488749999999999,TP2,0.23624359313077983,0.08723208112468313,1,0.541229385307347,1.6879873600607587
LABUSDT,SHORT,1778179500,1778193000,4.2349,4.683828571428571,4.122667857142857,SL,-1.0113200190930787,0.10600688833941098,1,0.021756548536209775,1.067792644445591
BILLUSDT,LONG,1778184900,1778185800,0.07665,0.06929714285714285,0.07848821428571429,TP2,0.23749057703516663,0.09592768614295041,1,0.09941158253329219,-1.8793633131766092
LABUSDT,SHORT,1778195700,1778196600,4.4995,4.765814285714286,4.4329214285714285,TP2,0.2297254586417783,0.05918752877303825,1,0.20114879045620243,1.7760709267561172
BILLUSDT,SHORT,1778220900,1778227200,0.07548,0.07967857142857143,0.07443035714285715,SL,-1.0215730520585233,0.05562495268377624,1,0.1584699453551915,1.1753535138723292
LABUSDT,LONG,1778226300,1778227200,4.4926,4.276371428571429,4.546657142857144,TP2,0.2250674947145898,0.04812994066433059,1,0.1205626991977139,-1.60051387208948
LABUSDT,LONG,1778243400,1778246100,4.1943,3.8357285714285716,4.283942857142857,TP2,0.23596329880477962,0.08549017203619877,1,0.29643247540494944,-1.8153522094043872
LABUSDT,LONG,1778267700,1778269500,4.0777,3.865928571428572,4.130642857142857,TP2,0.22689376686454343,0.05193403844604274,1,0.1112696148359478,-1.5826240028628737
BILLUSDT,SHORT,1778282100,1778284800,0.09489,0.10055,0.093475,TP2,0.22988197879858657,0.05964801348930343,1,0.4559352517985611,1.5648762929294664
LABUSDT,LONG,1778284800,1778285700,3.9902,3.7371571428571433,4.053460714285714,TP2,0.2310773556145204,0.06341608369075659,1,0.0939837398373983,-1.122464006378072
BILLUSDT,LONG,1778291100,1778303700,0.08858,0.08069571428571429,0.09055107142857144,TP2,0.23651799238992616,0.08900751540173533,1,0.009473060982830104,-1.3332438707403136
BILLUSDT,SHORT,1778304600,1778307300,0.09218,0.09718571428571428,0.09092857142857143,SL,-1.0220979452054795,0.054303691535195105,1,0.151406343506882,1.0375409790222148
BILLUSDT,SHORT,1778324400,1778327100,0.09798,0.10325714285714285,0.09666071428571428,TP2,0.2277197617758534,0.053859388213337966,1,0.057272727272727135,1.118579374762762
BILLUSDT,SHORT,1778345100,1778346000,0.13298,0.14801999999999998,0.12921999999999997,TP2,0.23938989361702223,0.11309971424274329,1,0.6032969001970974,2.1931205839114796
LABUSDT,SHORT,1778362200,1778364000,4.7436,5.002257142857142,4.678935714285714,TP2,0.22799279796752459,0.054527604110199614,1,0.5140161725067388,1.781937797432821
BILLUSDT,LONG,1778380200,1778381100,0.11432,0.10360285714285715,0.11699928571428572,TP2,0.23719957344708112,0.09374687593721882,1,0.3062709966405374,-2.0128567601078493
BILLUSDT,LONG,1778395500,1778396400,0.10886,0.10106428571428572,0.11080892857142857,SL,-1.016756899395272,0.07161229364058685,1,0.3040319651289502,-1.5572393584861246
LABUSDT,SHORT,1778400000,1778401800,5.0732,5.321842857142857,5.011039285714285,TP2,0.22551572536627498,0.04901104966152673,1,0.334247442252926,1.8750009045717366
BILLUSDT,SHORT,1778409900,1778415300,0.1154,0.12343571428571429,0.11339107142857144,SL,-1.0172330666666667,0.06963357266650157,1,0.14333333333333323,1.235906186520919
BILLUSDT,SHORT,1778421600,1778427000,0.12484,0.13481714285714286,0.1223457142857143,TP2,0.23498487972508592,0.07991943974001009,1,0.257299725480409,1.5153111156205075
LABUSDT,LONG,1778426100,1778427900,4.6183,4.3389428571428565,4.688139285714286,TP2,0.2301617386857589,0.06048917195876033,1,0.4015177647464647,-1.7029956601592597
BILLUSDT,LONG,1778435100,1778436900,0.11629,0.10543714285714285,0.1190032142857143,TP2,0.2371418191391342,0.09332579880348392,1,0.03116883116883105,-1.5876860916148021
SUIUSDT,SHORT,1778440500,1778445900,1.3753,1.4511,1.35635,TP2,0.2282274406332454,0.055115247582345685,1,0.7225725094577563,1.385902589447529
BILLUSDT,SHORT,1778449500,1778450400,0.1231,0.12906,0.12161,TP2,0.22521476510067168,0.04841592201462225,1,0.1462882096069867,1.3001055176056033
LABUSDT,SHORT,1778450400,1778469300,4.7568,4.990628571428571,4.698342857142857,TP2,0.22558826979472138,0.04915669597808846,1,0.04434164504118226,1.1529187939361472
BILLUSDT,LONG,1778463000,1778469300,0.11864,0.11144857142857142,0.12043785714285714,SL,-1.0197969010727057,0.06061554763510255,1,0.0423875432525949,-1.265251347220641
BILLUSDT,SHORT,1778484600,1778487300,0.12558,0.13197142857142857,0.12398214285714286,SL,-1.0235778274474743,0.050895274497758956,1,0.3736047275114903,1.873261391982059
LABUSDT,LONG,1778488200,1778489100,4.3626,4.1082,4.4262,TP2,0.2294216981132084,0.058313849539265494,1,0.3461033849383377,-1.5994729441969724
LABUSDT,SHORT,1778500800,1778504400,4.5706,4.797314285714286,4.513921428571428,TP2,0.22580778827977419,0.04960274049671508,1,0.06318226926893765,1.4027990000097172
BILLUSDT,SHORT,1778501700,1778507100,0.13149,0.1401585714285714,0.12932285714285713,SL,-1.018202307185234,0.0659257086361809,1,0.1792223572296484,1.4028123658224623
LABUSDT,SHORT,1778526900,1778527800,6.3923,7.145414285714285,6.204021428571428,TP2,0.23981461360446174,0.11781585434261306,1,0.5669337623364169,2.4759901552948738
BILLUSDT,SHORT,1778528700,1778531400,0.14575,0.1573242857142857,0.14285642857142855,TP2,0.23488891631696,0.0794119088458711,1,0.1255148493388249,1.5526886814036183
BILLUSDT,SHORT,1778563800,1778564700,0.15194,0.16068,0.149755,TP2,0.22913867276887792,0.057522706331446634,1,0.29691965703397905,1.538864683669338
LABUSDT,LONG,1778565600,1778569200,4.7045,4.377928571428572,4.786142857142858,TP2,0.2327131233595814,0.06941681976223377,1,0.29159546372533807,-1.9795198731612582
BILLUSDT,SHORT,1778586300,1778590800,0.15635,0.16555857142857142,0.15404785714285713,SL,-1.0203744958113559,0.058897162958563676,1,0.21700507614213133,1.5487816231639506
BILLUSDT,SHORT,1778605200,1778617800,0.18112,0.19578,0.177455,SL,-1.014825648021828,0.08094081272084805,1,0.3496714615521221,1.1581087471973823
LABUSDT,SHORT,1778607900,1778608800,4.7346,5.0057,4.666825,TP2,0.22904271486536418,0.0572593249693744,1,0.18172136702488131,2.0351879526786543
BILLUSDT,SHORT,1778620500,1778621400,0.19279,0.20306857142857143,0.19022035714285712,TP2,0.2274922029186942,0.05331485776529608,1,0.35528482054659144,1.3737772888734168
LABUSDT,SHORT,1778621400,1778623200,4.9747,5.285528571428571,4.896992857142857,TP2,0.23079442963507818,0.06248187256087229,1,0.4104312405915171,1.0452057782476252
BILLUSDT,LONG,1778640300,1778643900,0.18512,0.17281857142857143,0.18819535714285715,TP2,0.23194160956915574,0.06645110507470062,1,0.11912403247121021,-1.1649288379216254
LABUSDT,SHORT,1778650200,1778660100,5.2602,5.544471428571429,5.189132142857143,TP2,0.22779502487562267,0.05404194300053774,1,0.4455038324920545,1.347204500538957
BILLUSDT,LONG,1778655600,1778656500,0.17028,0.1580542857142857,0.17333642857142856,TP2,0.23328637532133675,0.07179771133259505,1,0.23047691430742884,-1.690673808906591
BILLUSDT,SHORT,1778667300,1778668200,0.20844,0.22514714285714282,0.20426321428571428,TP2,0.23502867892261609,0.08015324725169279,1,0.4244837758112091,1.6236219144818071
LABUSDT,SHORT,1778668200,1778669100,5.917,6.230257142857143,5.838685714285714,TP2,0.22733363735862824,0.05294188657379464,1,0.5438566109619881,2.028497796585345
BILLUSDT,LONG,1778679900,1778682600,0.19182,0.1683457142857143,0.1976885714285714,TP2,0.2401942064264846,0.12237663285520649,1,0.07694277301241857,-1.4678352504882421
LABUSDT,SHORT,1778682600,1778686200,6.3218,6.778871428571428,6.207532142857143,TP2,0.2334026816690108,0.07230083656101562,1,0.352095475992229,1.3696705648221568
LABUSDT,LONG,1778687100,1778688000,5.9601,5.376214285714285,6.106071428571428,TP2,0.23775082207868428,0.09796575800501912,1,0.044215576787856044,-1.2139931435149023
LABUSDT,LONG,1778710500,1778715000,6.007,5.6083,6.106675,TP2,0.2319202407825444,0.0663725653404362,1,0.06357644056984943,-1.6375143855515881
BILLUSDT,LONG,1778732100,1778733000,0.18018,0.16744571428571428,0.18336357142857143,TP2,0.23302095579986482,0.07067535638964212,1,0.07485029940119772,-1.5794411882527997
LABUSDT,LONG,1778732100,1778742900,5.6832,5.360557142857144,5.763860714285714,SL,-1.0211374274961258,0.05677133606821099,1,0.23985458861933337,-2.350320103433767
BILLUSDT,LONG,1778742900,1778747400,0.17078,0.15770428571428569,0.17404892857142856,TP2,0.23432697476237302,0.0765646696669065,1,0.5832096671613319,-1.1919241544025405
LABUSDT,LONG,1778743800,1778744700,5.4754,5.167657142857142,5.5523357142857135,TP2,0.2286494475907515,0.056204634755973454,1,0.39872495446266026,-1.1142944776456412
BILLUSDT,SHORT,1778756400,1778757300,0.18291,0.1969242857142857,0.17940642857142855,TP2,0.23433798165137715,0.07661847747135593,1,0.16756368855400094,1.849853826373989
LABUSDT,SHORT,1778765400,1778772600,5.6272,6.061671428571429,5.518582142857143,TP2,0.23445780422845444,0.0772091677159917,1,0.06918238993710707,1.4176227647576343
BILLUSDT,SHORT,1778767200,1778768100,0.19248,0.2032257142857143,0.18979357142857145,TP2,0.22850529114597115,0.055827692673079146,1,0.4743833017077798,1.204912007526867
BILLUSDT,SHORT,1778778000,1778778900,0.20409,0.21590142857142855,0.20113714285714285,TP2,0.22926516690856374,0.05787362718128555,1,0.36022566995768773,1.494676148953736
LABUSDT,SHORT,1778784300,1778785200,6.0926,6.6692,5.94845,TP2,0.237320291363163,0.09463939861471292,1,0.23131456350010152,1.2371155472687925
BILLUSDT,SHORT,1778820300,1778822100,0.22119,0.2323957142857143,0.21838857142857143,TP2,0.2263131565527786,0.050661034792324644,1,0.2631805465891974,1.3280121203268824
LABUSDT,LONG,1778825700,1778826600,3.7535,2.8729714285714287,3.973632142857143,TP2,0.2448846634326787,0.23458866962263789,1,0.6110559886605244,-2.4476065441776926
BILLUSDT,SHORT,1778833800,1778835600,0.22964,0.24342428571428573,0.2261939285714286,TP2,0.23000853974505078,0.060025630178913554,1,0.260487415101878,1.935363416783537
BILLUSDT,LONG,1778841900,1778859900,0.21073,0.1929742857142857,0.21516892857142858,SL,-1.0142419502775766,0.08425812312302138,1,0.021953675730110953,-1.3531576916660137
BILLUSDT,LONG,1778860800,1778861700,0.19664,0.18624714285714286,0.19923821428571428,TP2,0.22729517525773063,0.05285220271998141,1,0.2519047619047615,-2.2105674340260832
BILLUSDT,LONG,1778877900,1778887800,0.183,0.17397142857142855,0.18525714285714284,SL,-1.0243227848101266,0.049336455893832946,1,0.27404135715719713,-1.3998751897165258
LABUSDT,SHORT,1778888700,1778895900,4.604,4.974971428571429,4.511257142857143,SL,-1.0148927911275416,0.08057589673575774,1,0.4280565167243367,1.3370074445551565
BILLUSDT,LONG,1778894100,1778895900,0.17305,0.16337428571428572,0.1754689285714286,TP2,0.22853801860327916,0.055912824534610155,1,0.2810608244450846,-1.2805039161896288
LABUSDT,SHORT,1778904000,1778909400,4.9035,5.155942857142858,4.840389285714286,SL,-1.0233090374059193,0.051482177453422456,1,0.3990882718607531,1.1635476886930884
BILLUSDT,LONG,1778907600,1778911200,0.16529,0.15566,0.1676975,TP2,0.22940311526479823,0.05826123782442981,1,0.2707648991083994,-1.4764005288480828
LABUSDT,LONG,1778921100,1778922900,4.6983,4.324457142857143,4.791760714285714,TP2,0.2349189040467735,0.07956981400567383,1,0.1576179427687546,-1.1829315243967322
BILLUSDT,LONG,1778928300,1778929200,0.1455,0.13003857142857142,0.14936535714285715,TP2,0.23870738242631523,0.10626411389297993,1,0.25764456554647286,-1.7032900594203781
LABUSDT,LONG,1778944500,1778945400,4.606,4.381142857142857,4.662214285714286,TP2,0.22541905972045745,0.04881831151913653,1,0.1469150885766637,-1.5975980993709542
BILLUSDT,LONG,1778946300,1778952600,0.14572,0.13722428571428572,0.14784392857142856,TP2,0.22941738691777366,0.05830163522999098,1,0.09972144846796653,-1.0270898214667998
BILLUSDT,SHORT,1778958000,1778959800,0.14817,0.15556,0.1463225,TP2,0.22593991880920164,0.049875143416346114,1,0.011684240524365725,1.130718163087535
BILLUSDT,SHORT,1779011100,1779012900,0.14184,0.15021142857142855,0.13974714285714285,TP2,0.2296679863481237,0.059020223994843246,1,0.22008763060330325,2.234247420743948
LABUSDT,SHORT,1779028200,1779030000,5.0457,5.3045,4.981,TP2,0.22660417310664688,0.0512911984462017,1,0.08283828382838278,1.5800254615163556
LABUSDT,LONG,1779031800,1779042600,4.8761,4.589857142857142,4.947660714285714,SL,-1.0204418026650697,0.05870323765773001,1,0.0659077291791483,-1.0945906070012807
BILLUSDT,SHORT,1779034500,1779035400,0.14742,0.15471857142857143,0.14559535714285715,TP2,0.2257618320610668,0.049508692365835216,1,0.03769537235672722,1.7515542420634975
BILLUSDT,SHORT,1779045300,1779062400,0.15903,0.16842142857142858,0.15668214285714285,TP2,0.2296797687861279,0.05905444615122033,1,0.4097626511419603,2.2576096349592647
LABUSDT,LONG,1779060600,1779062400,4.3177,4.083057142857143,4.376360714285714,TP2,0.2279186118721442,0.05434440955667531,1,0.31314623338257036,-1.358313810738528
BILLUSDT,LONG,1779064200,1779066900,0.15598,0.14789714285714287,0.1580007142857143,TP2,0.22684284199363816,0.051819830381184394,1,0.21223922114047308,-1.8379113230304398
LABUSDT,SHORT,1779083100,1779084000,4.7646,5.05992857142857,4.690767857142857,TP2,0.2306401393121455,0.061983917102919686,1,0.5349909765390009,1.631314883468975
BILLUSDT,LONG,1779085800,1779089400,0.1437,0.13401285714285716,0.14612178571428572,SL,-1.017800914319422,0.06741226762103585,1,0.3182332955832377,-1.7871052317319147
BILLUSDT,SHORT,1779102000,1779102900,0.1443,0.15302714285714286,0.1421182142857143,TP2,0.230158454738909,0.06047916047916051,1,0.0872648781991982,1.1424232036456237
BILLUSDT,SHORT,1779116400,1779117300,0.16171,0.1708342857142857,0.15942892857142857,TP2,0.22873236261155472,0.05642375681334307,1,0.6332241738612684,1.2584986468514914
BILLUSDT,LONG,1779126300,1779128100,0.15132,0.14137000000000002,0.1538075,TP2,0.2317503517587947,0.0657546920433518,1,0.006549118387909598,-1.3781747739043864
BILLUSDT,LONG,1779157800,1779160500,0.13668,0.1288942857142857,0.13862642857142857,SL,-1.0210662752293578,0.05696308374095915,1,0.3811707580253579,-1.5617874867044894
LABUSDT,LONG,1779181200,1779182100,4.3495,4.1228428571428575,4.4061642857142855,TP2,0.22697226774234205,0.052111080091307556,1,0.492408557625946,-2.2339968932161187
BILLUSDT,LONG,1779208200,1779216300,0.11464,0.10898000000000001,0.116055,SL,-1.0243053003533569,0.04937194696441033,1,0.06374501992031884,-1.087018646572537
BILLUSDT,LONG,1779223500,1779227100,0.10377,0.09869142857142857,0.10503964285714286,SL,-1.0245194936708861,0.04894065171602029,1,0.6362552176505667,-1.7068865821305041
BILLUSDT,SHORT,1779236100,1779237000,0.11135,0.11822,0.10963250000000001,TP2,0.23055021834061087,0.061697350696003614,1,0.16847172081829093,2.066295342084903
BILLUSDT,LONG,1779279300,1779295500,0.10312,0.09643,0.1047925,SL,-1.018496860986547,0.0648758727695888,1,0.3076474022183309,-2.2189851058652117
LABUSDT,SHORT,1779301800,1779302700,4.7819,5.072342857142857,4.709289285714286,TP2,0.2302429983768629,0.06073796130049921,1,0.4915122858693123,2.4511867681344683
BILLUSDT,LONG,1779302700,1779307200,0.09392,0.08903857142857144,0.09514035714285715,SL,-1.0230883230904302,0.05197432465320026,1,0.38052256532066625,-1.490107111248709
BILLUSDT,SHORT,1779340500,1779341400,0.09152,0.09814285714285714,0.08986428571428572,TP2,0.233417428817947,0.07236513486513484,1,0.14296463506395826,1.0934739611925688
BILLUSDT,LONG,1779352200,1779356700,0.08106,0.07630714285714285,0.08224821428571427,TP2,0.229533994589719,0.05863381622078883,1,0.29102167182662503,-1.531588774742507
BILLUSDT,LONG,1779382800,1779387300,0.07217,0.06754285714285714,0.0733267857142857,TP2,0.23128348255634304,0.06411449157742626,1,0.10249872514023445,-1.5718241185419886
BILLUSDT,SHORT,1779417000,1779417900,0.08095,0.08494571428571428,0.07995107142857143,TP2,0.2256889524490517,0.0493602753022148,1,0.10470914127423832,1.5924132021622623
BILLUSDT,LONG,1779429600,1779432300,0.0732,0.06913857142857144,0.07421535714285714,SL,-1.021627857896588,0.05548399687743941,1,0.32266960838389414,-2.136580869627131
BILLUSDT,SHORT,1779442200,1779444000,0.07861,0.08317142857142856,0.07746964285714286,TP2,0.22931963670529207,0.058026059934214065,1,0.060483870967742014,1.4908164335771958
BILLUSDT,LONG,1779461100,1779465600,0.07199,0.06833428571428571,0.07290392857142856,TP2,0.22636905041031466,0.050780862421368055,1,0.3474320241691844,-1.9116612073934542
BILLUSDT,SHORT,1779472800,1779480000,0.08209,0.08813857142857143,0.08057785714285715,SL,-1.016286159659896,0.07368219549971289,1,0.24029219530949586,2.041988545540345
BILLUSDT,LONG,1779517800,1779531300,0.08632,0.07943142857142857,0.08804214285714285,TP2,0.2349629199502276,0.07980272739308884,1,0.17303953337653907,-1.7570363331834642
BILLUSDT,SHORT,1779544800,1779545700,0.09292,0.099,0.09140000000000001,TP2,0.23166052631578832,0.06543263021954365,1,0.3078484438430316,1.6440122973392988
BILLUSDT,SHORT,1779562800,1779565500,0.10776,0.11513285714285713,0.10591678571428571,TP2,0.23246107343538028,0.06841923851946125,1,0.6290646326776396,1.726232828657569
BILLUSDT,LONG,1779572700,1779573600,0.09431,0.08685142857142858,0.09617464285714286,TP2,0.23482658494541275,0.07908569004953273,1,0.11129707112970687,-1.324376495159753
BILLUSDT,SHORT,1779618600,1779633900,0.10025,0.10759285714285714,0.09841428571428572,SL,-1.0163832684824903,0.07324545778411111,1,0.12368728121353595,1.3446687715842638
BILLUSDT,SHORT,1779638400,1779639300,0.10913,0.11436857142857143,0.10782035714285715,TP2,0.22500158167439321,0.048003037006977216,1,0.262195121951219,1.897482284303024
BILLUSDT,SHORT,1779655500,1779659100,0.11697,0.12349142857142857,0.11533964285714286,TP2,0.22847649507119389,0.05575300138008526,1,0.27715091678420306,2.45907353597534
BILLUSDT,LONG,1779718500,1779720300,0.11459,0.10809285714285714,0.11621428571428571,SL,-1.0211643799472296,0.0566990388091706,1,0.24007561436672992,-2.081593509508361
BILLUSDT,LONG,1779731100,1779763500,0.09497,0.08626857142857143,0.09714535714285714,SL,-1.0130971597438845,0.09162291851562145,1,0.5795586527293843,-1.3607269372517792
LABUSDT,SHORT,1779732000,1779735600,4.3918,4.613642857142857,4.336339285714286,TP2,0.22624372464421405,0.050512968974647535,1,0.3039942597464719,1.1045961445268948
BILLUSDT,LONG,1779854400,1779856200,0.08234,0.07820142857142856,0.08337464285714286,TP2,0.2261250949257853,0.05026197994378712,1,0.5994712491738263,-1.6084040361120897
LABUSDT,LONG,1779863400,1779864300,4.0269,3.7606000000000006,4.093475000000001,TP2,0.2318539992489686,0.06613027390796887,1,0.3257500355467092,-1.9540233876165303
LABUSDT,LONG,1779911100,1779912000,4.3378,4.061999999999999,4.40675,TP2,0.23112632342277015,0.06358061690257741,1,0.19619082840236654,-2.1663995062792334
BILLUSDT,SHORT,1779947100,1779948900,0.08677,0.09265571428571429,0.08529857142857143,TP2,0.232309029126213,0.06783121223596045,1,0.31999999999999995,1.39221365722002
XLMUSDT,SHORT,1779993000,1779993900,0.2112,0.22355714285714287,0.2081107142857143,TP2,0.22949040462427692,0.058509199134199164,1,0.10512129380053915,1.4781863318066186
BILLUSDT,LONG,1780025400,1780026300,0.0713,0.06729285714285714,0.07230178571428572,TP2,0.22864812834224688,0.05620116209176516,1,0.40821678321678195,-2.345713055998888
LABUSDT,SHORT,1780034400,1780035300,5.1281,5.535971428571428,5.026132142857143,TP2,0.23491259850793372,0.07953655907088951,1,0.517713772387849,2.104319941607347
XLMUSDT,SHORT,1780046100,1780047000,0.2153,0.22772857142857142,0.21219285714285713,TP2,0.229212413793104,0.057726760002654115,1,0.2201039861351819,1.182306635697836
LABUSDT,SHORT,1780052400,1780054200,5.4806,5.926642857142856,5.369089285714286,SL,-1.0147445921275982,0.08138577110952394,1,0.33924170119041336,1.7557385980489926
XLMUSDT,LONG,1780054200,1780067700,0.207,0.19498571428571426,0.21000357142857143,TP2,0.22932461355529188,0.058040027605245,1,0.06739526411657579,-1.073829748602323
LABUSDT,SHORT,1780088400,1780089300,6.1955,6.605542857142857,6.092989285714285,TP2,0.23186872452357007,0.06618398146119878,1,0.2722374760399941,1.1465425488039303
XLMUSDT,SHORT,1780090200,1780092900,0.2412,0.2548142857142857,0.23779642857142858,TP2,0.22873997901364063,0.05644397062307508,1,0.583011583011583,1.4173778737806222
XLMUSDT,SHORT,1780105500,1780109100,0.2662,0.28278571428571425,0.26205357142857144,SL,-1.0192599483204134,0.062305463131909405,1,0.46641791044776104,1.0437692386695125
LABUSDT,SHORT,1780111800,1780112700,6.8748,7.2657,6.777075,TP2,0.22889547198771953,0.0568598359224996,1,0.23711340206185538,1.769687149540797
XLMUSDT,LONG,1780120800,1780135200,0.2602,0.23968571428571428,0.2653285714285714,SL,-1.0152206128133705,0.0788404523992533,1,0.09606986899563272,-1.448053785425946
LABUSDT,SHORT,1780138800,1780145100,7.139,7.530771428571429,7.041057142857143,SL,-1.0218668319719952,0.054877633922318085,1,0.2058469475494409,1.613736492654289
LABUSDT,SHORT,1780151400,1780152300,7.7696,8.256528571428571,7.647867857142857,TP2,0.2308523866803575,0.0626709961167334,1,0.5526152573909445,1.549558070795148
LABUSDT,SHORT,1780163100,1780164900,8.1853,8.720685714285715,8.05145357142857,TP2,0.23165367558769462,0.06540819692445166,1,0.3229026684584372,1.7877758179975154
BILLUSDT,SHORT,1780207200,1780213500,0.07987,0.08371142857142856,0.07890964285714286,TP2,0.22504990702863426,0.048096013164248996,1,0.3392491467576794,1.7858409743083128
LABUSDT,LONG,1780222500,1780224300,7.9035,7.3742857142857146,8.035803571428572,SL,-1.0179212849237413,0.06695948449601889,1,0.30628350847094055,-2.513970077610438
XLMUSDT,SHORT,1780229700,1780238700,0.2546,0.26795714285714284,0.2512607142857143,TP2,0.2271268449197861,0.05246324767141735,1,0.395348837209301,1.1335678214849945
LABUSDT,SHORT,1780242300,1780244100,8.2476,8.865057142857143,8.093235714285715,TP2,0.23397116283374136,0.07486506897244567,1,0.2614084306971129,2.3407702638324746
LABUSDT,SHORT,1780263900,1780265700,9.0102,9.696557142857142,8.838610714285714,SL,-1.0157530814861069,0.07617557244646539,1,0.3317653041764671,1.0298019839254053
LABUSDT,SHORT,1780295400,1780297200,10.3394,10.885314285714285,10.202921428571429,SL,-1.0227275239441043,0.05279941637950808,1,0.25457638652602904,1.7074265479307218
LABUSDT,SHORT,1780307100,1780309800,13.6291,15.083042857142855,13.265614285714285,SL,-1.0112486676623174,0.10667930069798126,1,0.5948258966485919,1.9173499954724036
LABUSDT,SHORT,1780328700,1780329600,15.6843,17.46757142857143,15.238482142857142,TP2,0.23944571213420007,0.11369786529022197,1,0.22298856708333886,1.4900377236282025
LABUSDT,LONG,1780346700,1780348500,14.8934,13.5189,15.237025,TP2,0.23699739541651477,0.09228920192837094,1,0.09197086492111012,-1.4436834083931664
LABUSDT,SHORT,1780353900,1780358400,15.888,17.059628571428572,15.595092857142857,TP2,0.2337272660765231,0.07374298662063009,1,0.021183646554566466,1.1350726526174317
LABUSDT,SHORT,1780372800,1780373700,18.9189,20.24217142857143,18.588082142857143,TP2,0.23284351984799578,0.06994441688319246,1,0.6019272779240922,1.8841460369347451
LABUSDT,LONG,1780389900,1780390800,17.777,16.304042857142857,18.145239285714286,TP2,0.23551729756466522,0.08285746429977739,1,0.16579558652729373,-1.6958049373068826
LABUSDT,SHORT,1780398900,1780407000,19.25,20.714,18.884,TP2,0.23422131147540984,0.07605194805194804,1,0.09955829280867269,1.0957162584656395
BILLUSDT,LONG,1780407000,1780407900,0.08583,0.07822857142857143,0.08773035714285715,TP2,0.23645044164630755,0.08856377224080828,1,0.20771615570099963,-2.184319616938381
LABUSDT,SHORT,1780420500,1780425900,20.471,21.90042857142857,20.113642857142857,SL,-1.0171853288027184,0.06982700265881352,1,0.0985104942450915,1.3159089981397885
LABUSDT,SHORT,1780433100,1780434000,23.755,25.439714285714285,23.33382142857143,SL,-1.0169203764945307,0.07092040773371018,1,0.5519854501364047,1.5350908735353648
LABUSDT,LONG,1780440300,1780441200,8.34,1.958857142857144,9.935285714285714,TP2,0.24843162890659978,0.7651250428228844,1,0.464656521120751,-2.6578406051084302
LABUSDT,SHORT,1780473600,1780474500,16.422,18.09057142857143,16.004857142857144,TP2,0.23818965753424606,0.10160585973519844,1,0.32002510985561844,2.3842655638975314
LABUSDT,SHORT,1780485300,1780486200,17.546,19.04885714285714,17.170285714285715,TP2,0.23598988593155834,0.08565240754913615,1,0.4574840188155825,1.6488895869202982
LABUSDT,SHORT,1780510500,1780515900,16.199,17.342571428571432,15.913107142857145,TP2,0.23300167395377813,0.07059518665173342,1,0.20414381474710558,1.1393147068338247
LABUSDT,SHORT,1780536600,1780540200,15.863,16.87942857142857,15.608892857142857,TP2,0.23127207308503162,0.0640754315973379,1,0.18400687876182287,1.4293198151796636
ZECUSDT,LONG,1780540200,1780541100,591.35,562.0600000000001,598.6725,TP2,0.22577261864117448,0.04953073475944874,1,0.1976862878530118,-2.004297494089547
NEARUSDT,LONG,1780551900,1780557300,2.58,2.448857142857143,2.6127857142857143,SL,-1.0236078431372548,0.050830564784053164,1,0.25778331257783355,-1.680335674492707
LABUSDT,SHORT,1780552800,1780553700,16.367,17.186,16.16225,TP2,0.22601904761904873,0.05003971405877682,1,0.10045431600201951,1.37131651782109
LABUSDT,SHORT,1780571700,1780572600,17.6,18.885285714285715,17.27867857142857,TP2,0.23356785595198537,0.07302759740259737,1,0.2785743547726349,1.9004597752449788
LABUSDT,LONG,1780584300,1780585200,14.923,13.380142857142857,15.308714285714286,TP2,0.2383932222222225,0.10338786724232005,1,0.17065261451155297,-2.322995204830603
ZECUSDT,LONG,1780614000,1780621200,466.43,438.3128571428571,473.4592857142857,SL,-1.0199065745351081,0.06028159178685518,1,0.4146188761934584,-1.5529195225071486
LABUSDT,LONG,1780621200,1780622100,11.303,9.636714285714287,11.71957142857143,TP2,0.2418599794238683,0.14741977477534404,1,0.1421483502852889,-1.2339444721718382
ZECUSDT,LONG,1780628400,1780630200,413.09,381.7385714285714,420.92785714285714,TP2,0.2341886630821111,0.07589491048301476,1,0.31190447473163696,-1.3244802646770908
NEARUSDT,LONG,1780641900,1780643700,2.12,2.0181428571428572,2.1454642857142856,SL,-1.024976157082749,0.04804582210242582,1,0.26666666666666666,-1.2065990730076719
BILLUSDT,LONG,1780644600,1780650000,0.07593,0.07199142857142857,0.07691464285714285,TP2,0.22686572361262067,0.05187108426934583,1,0.13361462728551332,-1.5811116106098444
ZECUSDT,LONG,1780644600,1780646400,303.52,246.4028571428571,317.7992857142857,TP2,0.24362321044470012,0.1881824685593795,1,0.33699175014731875,-1.728891555657594
LABUSDT,SHORT,1780650000,1780651800,11.378,12.49542857142857,11.098642857142858,TP2,0.23778123242137522,0.09820957737990603,1,0.14024117909781172,1.07084238316367
LABUSDT,LONG,1780654500,1780662600,10.898,9.966857142857142,11.130785714285715,TP2,0.23595532371893269,0.0854416275594473,1,0.13133047210300428,-1.201690640612326
ZECUSDT,LONG,1780661700,1780664400,306.22,274.8342857142857,314.0664285714286,TP2,0.2382919981793359,0.10249400524366237,1,0.018875988318256126,-1.0732259726405682
LABUSDT,SHORT,1780669800,1780670700,11.626,12.467714285714285,11.415571428571429,SL,-1.0165747454175154,0.07239930205696586,1,0.2452438602559665,2.039894797048072
NEARUSDT,LONG,1780677000,1780678800,1.932,1.8357142857142856,1.9560714285714285,TP2,0.22592166172106767,0.04983732623484176,1,0.15609756097561,-1.1975090772004104
ZECUSDT,SHORT,1780679700,1780680600,347.15,382.3142857142857,338.3589285714286,TP2,0.23815332114564208,0.10129421205324991,1,0.29283511439431936,1.4766854998274996
LABUSDT,LONG,1780687800,1780731000,10.473,8.421000000000001,10.986,EXPIRED,-0.5153838206627681,0.19593239759381265,1,0.08863003291972647,-1.2214974014367685
ZECUSDT,LONG,1780687800,1780689600,321.63,294.4814285714286,328.41714285714284,TP2,0.23578356135550357,0.08440932571144301,1,0.028134389511062573,-1.0372815625060992
ZECUSDT,SHORT,1780693200,1780694100,368.33,392.3771428571428,362.31821428571425,TP2,0.23161960434860213,0.06528695153026592,1,0.23030343806768452,1.8494629188399112
ZECUSDT,SHORT,1780705800,1780709400,389.93,418.76,382.7225,TP2,0.23376982310093603,0.07393634754956017,1,0.5228247162673393,1.2013952678030797
ZECUSDT,LONG,1780717500,1780723800,370.49,350.86428571428576,375.3964285714286,TP2,0.22734665890231617,0.05297231851254897,1,0.03451223421305717,-1.2632258434367203
ZECUSDT,SHORT,1780731000,1780731900,383.69,405.3885714285714,378.2653571428571,TP2,0.2287807228915676,0.056552350669997746,1,0.08004007569854169,1.5036521360938422
LABUSDT,LONG,1780734600,1780739100,9.075,8.273,9.2755,TP2,0.2364214463840399,0.08837465564738295,1,0.20783051756503068,-1.5451376990639294
LABUSDT,SHORT,1780776000,1780776900,12.67,13.911142857142858,12.359714285714286,TP2,0.2377499999999993,0.0979591836734694,1,0.3870225494707776,2.053058465971556
LABUSDT,SHORT,1780853400,1780854300,13.962,14.741571428571428,13.767107142857142,TP2,0.22850819131390931,0.05583522622628769,1,0.2911184210526307,2.092100600304267
LABUSDT,SHORT,1780903800,1780905600,13.417,14.110142857142856,13.243714285714285,TP2,0.22677188788128733,0.051661538133923886,1,0.3256578947368417,1.785769346370598
LABUSDT,LONG,1780994700,1780995600,10.822,10.241428571428571,10.967142857142857,TP2,0.22763169291338736,0.05364733215407763,1,0.5249466950959506,-1.4450760834874063
LABUSDT,LONG,1781005500,1781006400,10.539,9.938285714285714,10.68917857142857,TP2,0.22894706302021256,0.05699917313922438,1,0.3271692745376956,-1.5872933091771086
LABUSDT,LONG,1781024400,1781033400,10.171,9.645714285714284,10.302321428571428,SL,-1.023235354908893,0.05164543449864465,1,0.10000000000000016,-1.2660231170670466
LABUSDT,LONG,1781036100,1781046000,9.706,9.238285714285714,9.822928571428571,SL,-1.0249023824068417,0.04818816048982958,1,0.34223069590085753,-1.124181769452195
LABUSDT,LONG,1781063100,1781070300,8.961,8.498571428571429,9.076607142857144,TP2,0.22674624652456174,0.05160457219379217,1,0.13207547169811307,-1.0773349804050203
LABUSDT,SHORT,1781084700,1781086500,9.346,10.241714285714286,9.122071428571429,TP2,0.23747904306220047,0.09583932010638622,1,0.17612088184295271,1.0940178798715212
LABUSDT,LONG,1781092800,1781093700,8.898,8.401857142857143,9.022035714285714,TP2,0.2284787791534696,0.05575891853707086,1,0.08800654932460146,-1.407506023596553
LABUSDT,LONG,1781103600,1781104500,8.13,7.556,8.2735,TP2,0.23300348432055634,0.07060270602706031,1,0.4091990483743055,-1.4360617236125408
LABUSDT,LONG,1781115300,1781118000,7.82,7.359285714285715,7.935178571428572,TP2,0.22963162790697675,0.05891487029594446,1,0.23258869908015734,-1.1409274271890886
LABUSDT,LONG,1781159400,1781160300,7.131,6.567714285714286,7.271821428571429,TP2,0.23480841998478355,0.0789911252679448,1,0.27414561664190173,-1.5145255499752077
LABUSDT,SHORT,1781184600,1781185500,8.959,9.823285714285714,8.742928571428571,TP2,0.23756105785123968,0.09647122606158216,1,0.4449621432731511,1.8539820752516973
LABUSDT,LONG,1781203500,1781215200,8.483,7.632142857142857,8.695714285714287,TP2,0.23803606447280082,0.10030144322257967,1,0.07585825027685522,-1.4847988283240436
LABUSDT,SHORT,1781232300,1781234100,9.416,9.911000000000001,9.292250000000001,TP2,0.22717333333333153,0.052570093457943945,1,0.35348610433934585,1.4814892819430794
LABUSDT,SHORT,1781243100,1781244000,9.99,10.73557142857143,9.803607142857143,TP2,0.23392105767388452,0.0746317746317747,1,0.35196560196560256,1.03766960291091
LABUSDT,LONG,1781268300,1781271000,9.845,9.252285714285714,9.993178571428572,TP2,0.23006796818510486,0.06020459986940437,1,0.061101549053356005,-1.0245939812849292
LABUSDT,LONG,1781354700,1781361000,9.581,9.091714285714286,9.703321428571428,TP2,0.22650207299270073,0.051068334650424194,1,0.11208576998050705,-1.1368120093350524
LABUSDT,SHORT,1781478900,1781480700,11.193,11.835714285714285,11.032321428571429,TP2,0.22910175594576504,0.05742109226429785,1,0.49827532141737263,1.938906215508655
LABUSDT,LONG,1781496900,1781498700,10.508,9.968714285714285,10.642821428571427,TP2,0.22661796026489905,0.051321442166512625,1,0.2673076923076925,-1.2520206211308362
LABUSDT,LONG,1781513100,1781530200,10.012,9.417714285714286,10.16057142857143,TP2,0.22978346153846305,0.05935734261743051,1,0.1527524608093329,-1.8178396328438766
TAOUSDT,LONG,1781515800,1781521200,269.4,255.05714285714288,272.98571428571427,TP2,0.22746055776892526,0.05324000424223129,1,0.1086142322097382,-1.7128936586063062
XLMUSDT,SHORT,1781542800,1781548200,0.22627,0.23949,0.222965,TP2,0.22946111951588505,0.05842577451716978,1,0.44918888681708036,1.168484439456164
LABUSDT,SHORT,1781613900,1781615700,13.109,14.122714285714286,12.855571428571428,TP2,0.23448201803833146,0.07732964266643422,1,0.7106647537063598,1.8993590658765593
LABUSDT,SHORT,1781625600,1781626500,13.649,14.674285714285714,13.39267857142857,TP2,0.23402513585063398,0.07511800969197117,1,0.5264726105890443,1.2918261026589415
LABUSDT,LONG,1781628300,1781633700,12.738,11.69142857142857,12.999642857142858,TP2,0.23539459459459544,0.08216136195410813,1,0.07105263157894738,-1.0266693304747931
LABUSDT,LONG,1781685900,1781687700,12.898,12.131142857142857,13.089714285714285,TP2,0.22981684053651208,0.059455508052189694,1,0.22501120573733752,-1.9813259770748721
LABUSDT,SHORT,1781751600,1781752500,14.294,15.250857142857143,14.054785714285714,TP2,0.23207381307853187,0.06694117411901097,1,0.4051010268300764,2.310580915599517
LABUSDT,SHORT,1781766000,1781771400,14.559,15.385428571428571,14.352392857142856,SL,-1.021140121002593,0.05676410271506091,1,0.22862823061630239,1.2265301178781416
LABUSDT,SHORT,1781803800,1781804700,16.312,17.10442857142857,16.113892857142858,SL,-1.0247017847485127,0.04857948574231063,1,0.20795660036166336,1.5827494727060878
LABUSDT,SHORT,1781820900,1781825400,17.617,18.533,17.388,TP2,0.226920960698689,0.05199523187829939,1,0.31303930968360516,1.4300590118501195
LABUSDT,SHORT,1781838900,1781839800,18.313,19.225714285714286,18.084821428571427,TP2,0.22592280482078575,0.04983969233409524,1,0.18239838763856225,1.3015377664996273
LABUSDT,LONG,1781844300,1781845200,15.878,14.673571428571428,16.179107142857145,TP2,0.23418038192385396,0.07585518147301752,1,0.3927909371781671,-2.441720771917811
LABUSDT,LONG,1781883000,1781887500,15.077,14.247857142857143,15.284285714285714,SL,-1.0218206064782909,0.05499388851514605,1,0.1084082496033845,-1.0656352353808827
LABUSDT,LONG,1781899200,1781900100,12.696,11.716000000000001,12.940999999999999,TP2,0.23445387755101996,0.0771896660365469,1,0.5511713933415535,-1.4519224051031059
LABUSDT,LONG,1781919900,1781922600,12.373,11.622714285714284,12.560571428571428,SL,-1.0197892612338157,0.06063894886330836,1,0.11678832116788271,-1.3711990425998395
LABUSDT,SHORT,1781970300,1781972100,12.422,13.024428571428572,12.271392857142857,SL,-1.024743846336258,0.04849690641028592,1,0.11454617518826775,1.0089870727807293
LABUSDT,LONG,1782009000,1782010800,12.823,12.169,12.986500000000001,TP2,0.22647155963302887,0.05100210559151528,1,0.18619869125520486,-1.1728760384832688
LABUSDT,SHORT,1782020700,1782025200,14.147,14.88857142857143,13.961607142857144,SL,-1.022892467732614,0.052418988377142095,1,0.2223543400713435,1.8131757419629715
LABUSDT,SHORT,1782044100,1782045000,15.929,16.765142857142855,15.719964285714287,TP2,0.2271393131727314,0.05249186120552808,1,0.2150610583446405,1.63517769047615
LABUSDT,LONG,1782057600,1782060300,13.973,12.93057142857143,14.233607142857144,SL,-1.0160851308757024,0.0746030610054084,1,0.41418190929591553,-1.202496292275981
LABUSDT,SHORT,1782090000,1782090900,17.141,18.413,16.822999999999997,TP2,0.2338292452830196,0.07420803920424716,1,0.6403720289355834,1.8022695111215832
LABUSDT,SHORT,1782156600,1782157500,16.711,17.519714285714283,16.508821428571427,TP2,0.2252036036036047,0.04839412876035457,1,0.5317164179104472,2.173833436616409
LABUSDT,LONG,1782218700,1782232200,15.709,14.84542857142857,15.924892857142858,SL,-1.0218288833746898,0.0549730363849659,1,0.18367346938775478,-1.263260494850509
LABUSDT,SHORT,1782283500,1782284400,16.797,17.67957142857143,16.576357142857145,TP2,0.22716173518938068,0.052543396354791265,1,0.7380045696877365,2.059595207791853
LABUSDT,SHORT,1782302400,1782303300,16.824,17.659857142857145,16.615035714285717,TP2,0.2258465903264378,0.04968242646559342,1,0.11243215301111437,1.6562357675852195
LABUSDT,SHORT,1782313200,1782316800,17.134,18.006,16.916,SL,-1.0235788990825687,0.050892961363371125,1,0.3038098339303139,1.2368010930856366
BILLUSDT,LONG,1782317700,1782320400,0.04637,0.04407857142857143,0.04694285714285715,SL,-1.0242835411471323,0.04941618657383157,1,0.6250000000000002,-1.6413431813898571
LABUSDT,LONG,1782326700,1782332100,15.802,14.008142857142856,16.250464285714287,TP2,0.23942925858087194,0.1135208924729239,1,0.16365704535759992,-1.127813524898523
BILLUSDT,LONG,1782396900,1782397800,0.03988,0.037848571428571426,0.04038785714285714,TP2,0.226442194092827,0.050938529875340324,1,0.2732855680655063,-2.285540430224273
LABUSDT,SHORT,1782402300,1782415800,17.996,18.861714285714285,17.779571428571426,SL,-1.0249449504950494,0.048105928301527344,1,0.3009020618556702,1.2350851869029877
LABUSDT,LONG,1782420300,1782421200,17.736,16.65142857142857,18.00714285714286,TP2,0.23037639620653488,0.0611508473484117,1,0.08630030959752284,-1.2436918867522824
LABUSDT,LONG,1782525600,1782526500,18.105,17.019714285714286,18.37632142857143,TP2,0.22998130841121578,0.059943977591036396,1,0.06024981631153554,-1.552342154258997
LABUSDT,LONG,1782566100,1782576900,14.894,13.394857142857143,15.268785714285714,TP2,0.23807798742138364,0.10065414644439756,1,0.6444052863436127,-2.3592485061206223
LABUSDT,LONG,1782699300,1782702000,14.713,13.772714285714285,14.948071428571428,SL,-1.0187768459434823,0.06390849685894884,1,0.5059107358262973,-1.3773808003733055
LABUSDT,SHORT,1782722700,1782727200,14.686,15.461285714285715,14.492178571428571,TP2,0.22726876727473744,0.05279080173537483,1,0.2516650808753567,2.177032139485784
BILLUSDT,LONG,1782784800,1782797400,0.04869,0.04607714285714286,0.04934321428571428,SL,-1.0223617277200656,0.0536631165096969,1,0.3099315068493154,-2.304651557637652
LABUSDT,LONG,1782823500,1782824400,11.893,10.964428571428572,12.125142857142858,TP2,0.2346305846153851,0.07807714021453198,1,0.22241231822070165,-1.2305875611648256
LABUSDT,LONG,1782890100,1782893700,11.386,10.634142857142857,11.573964285714284,SL,-1.0181726011780354,0.06603347469323227,1,0.21679571173317452,-1.0124727542599181
LABUSDT,LONG,1782902700,1782904500,8.952,8.022285714285713,9.18442857142857,TP2,0.23844548248309677,0.10385548321205158,1,0.6390557939914155,-1.4416764908714945
LABUSDT,LONG,1782925200,1782926100,8.717,8.161000000000001,8.856,TP2,0.23118633093525098,0.06378341172421703,1,0.13020372010628814,-1.3728009848332088
LABUSDT,SHORT,1782963000,1782964800,10.021,10.56457142857143,9.885107142857144,TP2,0.22787742444152267,0.054243232069796275,1,0.47107438016528896,2.5269758088357053
LABUSDT,LONG,1782976500,1782977400,9.046,8.463428571428572,9.191642857142856,TP2,0.23136674840608137,0.06440099807333932,1,0.03586206896551762,-1.0749734744177712
LABUSDT,SHORT,1783018800,1783024200,9.877,10.464428571428572,9.730142857142857,SL,-1.0201767509727626,0.05947439216650515,1,0.34501347708894925,1.3251453044806176
LABUSDT,SHORT,1783035000,1783035900,11.242,11.858428571428572,11.087892857142858,TP2,0.22811522595596756,0.05483264289526519,1,0.566367904396073,1.6369371922165112
LABUSDT,LONG,1783040400,1783041300,9.999,9.226142857142857,10.192214285714286,TP2,0.23447475046210664,0.0772934436300773,1,0.11551356293812846,-1.6313218445922624
LABUSDT,LONG,1783063800,1783066500,8.769,8.131571428571428,8.928357142857143,SL,-1.016508202599731,0.07269113598227521,1,0.6647681041497149,-1.688262692532888
LABUSDT,LONG,1783074600,1783089000,7.543,6.5487142857142855,7.791571428571428,SL,-1.009103620689655,0.13181568530899038,1,0.5034482758620691,-1.1295639522075591
LABUSDT,LONG,1783090800,1783091700,6.288,5.702428571428572,6.434392857142857,SL,-1.0128858746035618,0.09312522719011262,1,0.41730635031402624,-2.307869535947327
LABUSDT,SHORT,1783136700,1783137600,7.38,7.901285714285714,7.249678571428571,TP2,0.23301123595505618,0.07063492063492063,1,0.6136066288704746,2.4130902206073728
LABUSDT,SHORT,1783150200,1783152900,8.942,9.782,8.732,SL,-1.0127742857142856,0.09393871617087904,1,0.593236484877352,1.6986352995008702
LABUSDT,SHORT,1783161000,1783166400,10.274,11.194999999999999,10.04375,SL,-1.013386319218241,0.08964376094997083,1,0.6023489932885908,1.1008884892265693
LABUSDT,SHORT,1783171800,1783172700,12.999,14.518428571428572,12.619142857142858,TP2,0.23973377209477217,0.11688811227237259,1,0.5530418832161422,1.6746060006522374
LABUSDT,SHORT,1783182600,1783183500,15.261,16.778142857142857,14.881714285714285,TP2,0.23792915254237287,0.09941306972956272,1,0.6287978863936593,1.350514678235704
LABUSDT,SHORT,1783199700,1783200600,16.144,17.49742857142857,15.805642857142855,TP2,0.23568613046231793,0.0838347727594507,1,0.107917174177832,1.0685930865581743
LABUSDT,SHORT,1783217700,1783229400,15.984,16.982142857142858,15.734464285714285,SL,-1.0192164877629883,0.06244637494637493,1,0.04849363621717419,1.5252310881640347
LABUSDT,SHORT,1783230300,1783232100,16.995,18.007428571428573,16.741892857142858,TP2,0.22985635670946805,0.059572143067288696,1,0.438251366120219,1.4895746631993885
LABUSDT,LONG,1783250100,1783251000,15.806,15.001428571428571,16.007142857142856,TP2,0.22642571022727273,0.050902912094864534,1,0.025054466230936923,-1.062286570138793
BILLUSDT,LONG,1783328400,1783331100,0.04331,0.04102571428571429,0.04388107142857143,TP2,0.22724803001876173,0.052742685621928284,1,0.17057569296375313,-1.4388046658205433
LABUSDT,LONG,1783330200,1783332900,15.81,14.932285714285715,16.02942857142857,TP2,0.22838476562499951,0.05551640010843047,1,0.1332792646661262,-1.6443547239309975
LABUSDT,LONG,1783359000,1783359900,13.842,12.620142857142858,14.147464285714285,TP2,0.23640561206594105,0.08827171961112142,1,0.6583354805462509,-2.071908260023775
LABUSDT,LONG,1783384200,1783386000,13.97,13.149428571428572,14.175142857142857,TP2,0.22957033426183793,0.05873811228141938,1,0.35561005518087063,-1.1068489225433762
LABUSDT,SHORT,1783393200,1783394100,14.397,15.239,14.1865,TP2,0.2294817102137762,0.0584844064735709,1,0.07175295186194316,1.2892820506963945
LABUSDT,LONG,1783408500,1783412100,13.802,13.123000000000001,13.97175,SL,-1.0243923416789396,0.049195768729169635,1,0.0988626421697289,-1.7503000601764198
LABUSDT,LONG,1783424700,1783428300,9.991,8.029285714285715,10.481428571428571,SL,-1.0061115933585785,0.19634814189913774,1,0.34497090606816305,-1.4876974008784238
LABUSDT,LONG,1783439100,1783444500,6.931,5.327,7.332,SL,-1.0051852867830424,0.2314240369355072,1,0.5233968804159448,-1.4509757747588037
LABUSDT,SHORT,1783471500,1783472400,6.49,7.542,6.227,TP2,0.24259695817490495,0.162095531587057,1,0.3292806484295848,1.4644685428453756
LABUSDT,LONG,1783478700,1783482300,4.627,3.4335714285714287,4.925357142857143,SL,-1.0046524778549197,0.25792707400660714,1,0.2760583422269656,-1.554207555420046
LABUSDT,LONG,1783507500,1783510200,2.187,1.5261428571428572,2.3522142857142856,TP2,0.24602879377431924,0.3021751910640799,1,0.3750000000000001,-1.3236649043552018
LABUSDT,LONG,1783522800,1783566000,1.506,0.9859999999999999,1.6360000000000001,EXPIRED,-0.4592446153846155,0.3452855245683932,1,0.24521251751517978,-1.689605455831422
LABUSDT,LONG,1783591200,1783592100,1.011,0.8732857142857142,1.0454285714285714,TP2,0.24119045643153567,0.1362159106966229,1,0.38403041825095063,-1.4091222068105966
LABUSDT,LONG,1783602900,1783604700,0.836,0.6818571428571428,0.8745357142857142,TP2,0.24349175162187175,0.1843814080656186,1,0.4900849858356938,-1.11297825864141
LABUSDT,SHORT,1783615500,1783616400,1.017,1.1622857142857141,0.9806785714285713,TP2,0.2416000000000004,0.1428571428571429,1,0.14569536423841029,1.3955646196008038
LABUSDT,SHORT,1783629900,1783630800,1.076,1.165,1.05375,TP2,0.2354921348314619,0.08271375464684018,1,0.1413043478260866,1.3723928732270756
LABUSDT,SHORT,1783647900,1783648800,1.241,1.383857142857143,1.2052857142857143,TP2,0.23957560000000078,0.11511453896627144,1,0.31100478468899534,1.1995051721742014
LABUSDT,LONG,1783662300,1783666800,1.082,0.9770000000000001,1.1082500000000002,TP2,0.23763428571428677,0.09704251386321627,1,0.2703999999999998,-1.1918042270573272
LABUSDT,SHORT,1783675800,1783676700,1.146,1.2291428571428569,1.1252142857142857,TP2,0.2334597938144323,0.07255048616305154,1,0.04697986577181215,1.106157794739939
LABUSDT,LONG,1783704600,1783722600,1.011,0.882142857142857,1.0432142857142856,SL,-1.0094150776053215,0.1274551363572136,1,0.3444676409185804,-1.6590480183443657
LABUSDT,LONG,1783736100,1783737000,0.866,0.8067142857142856,0.8808214285714285,TP2,0.2324713253012039,0.06845925437149461,1,0.2,-1.0687850260190954
LABUSDT,LONG,1783752300,1783753200,0.746,0.6854285714285714,0.7611428571428571,TP2,0.23522075471698067,0.081194944465722,1,0.5113122171945699,-1.1421278253844258
LABUSDT,SHORT,1783768500,1783769400,0.846,0.9125714285714286,0.8293571428571428,TP2,0.23475021459227513,0.07868963188112128,1,0.41935483870967716,2.501262382338037
LABUSDT,LONG,1783784700,1783787400,0.772,0.6981428571428572,0.7904642857142857,SL,-1.0125431334622823,0.09566987416728344,1,0.30960854092526735,-1.6720716688866135
LABUSDT,LONG,1783797300,1783799100,0.674,0.6128571428571429,0.6892857142857143,TP2,0.2367719626168215,0.09071640525646459,1,0.6893203883495143,-1.2732716524046521
LABUSDT,LONG,1783811700,1783814400,0.617,0.5705714285714286,0.6286071428571428,SL,-1.015947076923077,0.0752489002083815,1,0.46368715083798906,-1.707727165231443
LABUSDT,LONG,1783838700,1783843200,0.472,0.4215714285714286,0.48460714285714285,SL,-1.0112317280453258,0.10684019370460043,1,0.350253807106599,-2.1928601291182104
LABUSDT,LONG,1783870200,1783872000,0.458,0.41900000000000004,0.46775,TP2,0.23590769230769193,0.08515283842794757,1,0.23529411764705851,-1.6869541122957668
BILLUSDT,SHORT,1783882800,1783895400,0.05046,0.05343285714285714,0.04971678571428571,TP2,0.2296317155213834,0.05891512371892874,1,0.2927024859663193,1.1630470998241187
LABUSDT,LONG,1783882800,1783895400,0.442,0.40514285714285714,0.45121428571428573,SL,-1.0143906976744186,0.0833872010342599,1,0.2258064516129029,-1.218429639887916
LABUSDT,LONG,1783897200,1783898100,0.408,0.3801428571428571,0.4149642857142857,TP2,0.2324246153846149,0.06827731092436976,1,0.3719008264462813,-1.5609321031825476
BILLUSDT,LONG,1783898100,1783900800,0.04883,0.046157142857142855,0.049498214285714284,TP2,0.22807739176910743,0.05473801234604023,1,0.22417750573833226,-1.6720436660659321
BILLUSDT,SHORT,1783906200,1783907100,0.05305,0.056202857142857145,0.05226178571428571,TP2,0.22980879021295933,0.059431802881378774,1,0.08606245239908641,1.3842705083069455
LABUSDT,SHORT,1783917000,1783918800,0.429,0.4584285714285714,0.42164285714285715,TP2,0.23250679611650438,0.0685980685980686,1,0.23636363636363597,1.3637905858728843
LABUSDT,LONG,1783925100,1783926900,0.386,0.35585714285714287,0.3935357142857143,SL,-1.0153668246445497,0.07809030347890451,1,0.283333333333333,-2.15055717748983
BILLUSDT,LONG,1783930500,1783931400,0.04984,0.04722714285714286,0.05049321428571429,TP2,0.2271101148168398,0.05242490254528776,1,0.1955867602808423,-1.0771976008083501
BILLUSDT,SHORT,1783935000,1783941300,0.05197,0.054944285714285716,0.051226428571428576,SL,-1.0209677233429395,0.057230819978559035,1,0.07883817427385871,1.015901229365961
LABUSDT,LONG,1783948500,1783953000,0.3266,0.3028428571428572,0.3325392857142857,SL,-1.016496933253157,0.07274079258157633,1,0.3630434782608695,-1.617542028963872
BILLUSDT,SHORT,1783956600,1783957500,0.05935,0.06267285714285714,0.05851928571428571,TP2,0.22856663800516014,0.05598748345167893,1,0.45271629778671985,1.8598303869375257
LABUSDT,LONG,1783967400,1783968300,0.23,0.18067142857142857,0.24233214285714288,TP2,0.24440486533449202,0.21447204968944109,1,0.5257854179016,-1.8321652961990516
LABUSDT,SHORT,1783986300,1783987200,0.2436,0.2705142857142857,0.2368714285714286,TP2,0.23913885350318448,0.11048557353976075,1,0.11111111111111122,2.062457022297145
BILLUSDT,LONG,1783998900,1783999800,0.05616,0.053012857142857146,0.056946785714285714,TP2,0.22858629142078926,0.056038868538868504,1,0.17864476386036954,-2.1176413353837606
LABUSDT,SHORT,1784003400,1784004300,0.3784,0.4240857142857143,0.36697857142857143,SL,-1.0099392120075046,0.12073391724554512,1,0.5675220866638622,2.41109528219312
BILLUSDT,SHORT,1784023200,1784032200,0.06484,0.07040714285714285,0.06344821428571427,TP2,0.2360237105465755,0.08585969859874859,1,0.28653530377668285,1.401330840354267
LABUSDT,SHORT,1784031300,1784032200,0.3074,0.34167142857142857,0.2988321428571429,TP2,0.23923651521467237,0.11148805651082816,1,0.1912087912087912,2.259374214472471
BILLUSDT,LONG,1784034000,1784034900,0.06008,0.05501571428571429,0.06134607142857143,SL,-1.0142361636107193,0.08429237207532808,1,0.06428867689755303,-1.1832253831463646
LABUSDT,LONG,1784061000,1784070900,0.2908,0.2668142857142857,0.29679642857142857,SL,-1.0145486599166171,0.08248182354097075,1,0.22714420358152726,-2.673150536966274
LABUSDT,LONG,1784079900,1784082600,0.2513,0.22952857142857147,0.25674285714285716,SL,-1.0138511811023623,0.08663521118753904,1,0.34068357221609663,-1.2667996321891424
LABUSDT,LONG,1784095200,1784101500,0.2318,0.21592857142857144,0.23576785714285714,TP2,0.23247416741674123,0.06847035621841487,1,0.43205574912892003,-1.0451245145742445
BILLUSDT,LONG,1784097000,1784098800,0.03829,0.036405714285714284,0.03876107142857143,SL,-1.0243848369977255,0.04921090922657912,1,0.3055555555555563,-1.819203805305843
BILLUSDT,LONG,1784107800,1784108700,0.03438,0.03238571428571429,0.034878571428571425,TP2,0.22931289398280624,0.05800714701238253,1,0.5137614678899097,-1.6184465213273058
LABUSDT,SHORT,1784113200,1784115900,0.2426,0.2599714285714286,0.23825714285714286,TP2,0.23324144736842145,0.07160522906606996,1,0.2244274809160309,1.181025389927772
LABUSDT,SHORT,1784124900,1784125800,0.248,0.2640571428571429,0.24398571428571428,TP2,0.2314661921708185,0.06474654377880187,1,0.2724306688417622,1.2185912900097453
LABUSDT,LONG,1784130300,1784133000,0.223,0.19907142857142857,0.22898214285714286,TP2,0.23881671641791016,0.10730301089045483,1,0.2411260709914323,-2.2642828953843233
BILLUSDT,SHORT,1784140200,1784143800,0.0362,0.03811428571428572,0.03572142857142857,TP2,0.22730746268656904,0.052880820836622,1,0.323910482921084,1.312952438366309
LABUSDT,SHORT,1784149200,1784150100,0.2396,0.2522142857142857,0.23644642857142859,TP2,0.22720679501698698,0.05264726925828762,1,0.29906542056074714,2.1860438597859506
LABUSDT,LONG,1784182500,1784184300,0.2162,0.20345714285714286,0.2193857142857143,TP2,0.22964035874439517,0.058940134795823954,1,0.23752495009980026,-1.2301692720499118
LABUSDT,LONG,1784201400,1784205000,0.2131,0.1999857142857143,0.21637857142857145,TP2,0.2305006535947718,0.06154052423409532,1,0.15989159891598942,-1.0375909635716092
LABUSDT,LONG,1784255400,1784257200,0.2053,0.19532857142857143,0.20779285714285714,SL,-1.0247065902578796,0.04857003687982743,1,0.1323828920570265,-2.281245938502474
BILLUSDT,LONG,1784272500,1784275200,0.02396,0.022725714285714283,0.024268571428571428,SL,-1.0232944444444445,0.05151442880992129,1,0.38009787928221894,-1.5626634391555152
LABUSDT,LONG,1784274300,1784277900,0.1775,0.1668,0.180175,TP2,0.2300934579439265,0.06028169014084505,1,0.4840294840294844,-2.365522313293272
LABUSDT,SHORT,1784286900,1784289600,0.1928,0.20341428571428571,0.19014642857142858,TP2,0.22820296096904377,0.05505334914048612,1,0.1056511056511055,1.2911354624413798
BILLUSDT,SHORT,1784288700,1784289600,0.02756,0.029265714285714287,0.02713357142857143,TP2,0.2306110552763814,0.06189093924942981,1,0.4563591022443897,1.479667691008134
LABUSDT,LONG,1784302200,1784305800,0.1827,0.17017142857142858,0.18583214285714286,TP2,0.23250079817559918,0.06857455625928532,1,0.13590263691683582,-1.9516292268172566
BILLUSDT,LONG,1784303100,1784338200,0.02397,0.022257142857142857,0.024398214285714287,TP2,0.233207005838198,0.07145837058227548,1,0.5498489425981874,-1.3251949005853783
BILLUSDT,LONG,1784433600,1784434500,0.02504,0.023404285714285714,0.02544892857142857,TP2,0.23163004366812173,0.06532405294386125,1,0.06809078771695601,-1.2892490633231648
LABUSDT,LONG,1784434500,1784457000,0.1774,0.16701428571428573,0.17999642857142858,SL,-1.020497386519945,0.05854404896118537,1,0.47826086956521896,-2.27571890136692
BILLUSDT,SHORT,1784455200,1784456100,0.02707,0.028441428571428572,0.026727142857142856,TP2,0.2263137500000013,0.05066230407937098,1,0.6155507559395255,1.432881504931076
LABUSDT,LONG,1784475000,1784477700,0.1606,0.15287142857142857,0.16253214285714285,TP2,0.22506395563770795,0.04812310976694539,1,0.25625000000000087,-1.802478027224356
LABUSDT,LONG,1784485800,1784486700,0.1533,0.14592857142857144,0.15514285714285714,TP2,0.22504418604651255,0.048084987419625344,1,0.48476454293628896,-1.070098185376921
LABUSDT,SHORT,1784557800,1784559600,0.1513,0.15885714285714284,0.14941071428571429,TP2,0.22597504725897827,0.04994806911528654,1,0.16207951070336427,1.1480643654907694
LABUSDT,LONG,1784593800,1784637000,0.1334,0.12504285714285712,0.1354892857142857,EXPIRED,-0.55761641025641,0.0626472478046691,1,0.6624203821656053,-2.6721168841047334
LABUSDT,SHORT,1784664000,1784665800,0.1423,0.1501,0.14035,TP2,0.2281076923076932,0.05481377371749825,1,0.3432098765432106,1.4501736247620751
LABUSDT,SHORT,1784688300,1784689200,0.1485,0.15592857142857142,0.14664285714285713,TP2,0.22601153846153943,0.05002405002405004,1,0.14044943820224745,1.2896843327496805
LABUSDT,LONG,1784707200,1784736000,0.1561,0.13354285714285713,0.1617392857142857,TP2,0.2416957568081061,0.14450443854671918,1,0.06610878661087881,-1.0549962203495225
LABUSDT,LONG,1784749500,1784753100,0.1538,0.14168571428571428,0.15682857142857143,TP2,0.2347650943396232,0.07876648708898386,1,0.060329067641681854,-1.240701951895536
BILLUSDT,SHORT,1784825100,1784826000,0.02823,0.02967857142857143,0.027867857142857146,TP2,0.22661420118343134,0.05131319265219369,1,0.3715220949263502,2.0006708757280554
BILLUSDT,LONG,1784894400,1784897100,0.02772,0.026085714285714285,0.02812857142857143,TP2,0.22964615384615333,0.058956916099773285,1,0.49862258953167904,-2.4497382085269988
LABUSDT,LONG,1785096000,1785133800,0.1582,0.14962857142857142,0.16034285714285715,SL,-1.022148,0.05418096442116674,1,0.03144654088050316,-1.3885962284440054
LABUSDT,SHORT,1785557700,1785560400,0.1659,0.17441428571428572,0.16377142857142857,TP2,0.2266181208053683,0.05132179454060104,1,0.4421052631578932,1.5743748765926415
LABUSDT,LONG,1785566700,1785601800,0.1532,0.14317142857142856,0.15570714285714285,SL,-1.018331623931624,0.06546064901156286,1,0.08474576271186435,-1.102116234956974
LABUSDT,LONG,1785954600,1785955500,0.1336,0.12527142857142856,0.13568214285714286,TP2,0.230750600343054,0.06233960650128316,1,0.4904458598726112,-2.48471138669971
LABUSDT,LONG,1786669200,1786695300,0.0931,0.08651428571428571,0.09474642857142858,SL,-1.0169639913232105,0.07073806966395585,1,0.4391891891891895,-1.6824676341740223
LABUSDT,SHORT,1786715100,1786716000,0.0935,0.0984,0.092275,TP2,0.22710204081632723,0.05240641711229944,1,0.3454545454545445,1.8993610269488626
LABUSDT,LONG,1787022900,1787025600,0.07808,0.07364285714285713,0.07918928571428571,TP2,0.22888370895041857,0.056828161592505894,1,0.07549120992761128,-1.6485095445882536
HYPEUSDT,SHORT,1787174100,1787184000,70.092,73.46828571428571,69.24792857142857,TP2,0.2250878903274932,0.04816934477951421,1,0.5474277660324166,1.2350651499369592
LABUSDT,SHORT,1787330700,1787331600,0.09026,0.09507,0.08905750000000001,TP2,0.22748191268191195,0.05329049412807444,1,0.4731910463300374,1.566391240593483
ZECUSDT,SHORT,1787371200,1787372100,836.43,877.2171428571428,826.2332142857142,TP2,0.2253913628244202,0.04876336675769986,1,0.7172604292088682,1.453467185962698
AAVEUSDT,LONG,1787376600,1787391000,122.75,116.15714285714284,124.39821428571429,TP2,0.2276576381365114,0.05370963049170794,1,0.007367716008037481,-1.0174721889179197
AVAXUSDT,LONG,1787376600,1787419800,7.73,7.342285714285715,7.826928571428572,EXPIRED,-0.47528813559322297,0.050157087414525924,1,0.07533703409992071,-1.531631473329025
DOTUSDT,LONG,1787376600,1787393700,0.9661,0.9191142857142857,0.9778464285714286,SL,-1.0246738826391,0.04863442116314491,1,0.0759368836291911,-1.0551974929202954
XRPUSDT,LONG,1787394600,1787395500,1.4756,1.4009714285714285,1.494257142857143,TP2,0.2262728943338445,0.05057506873717226,1,0.11275773195876254,-1.574449105335893
