symbol,entry_bar,exit_bar,entry_time,exit_time,direction,outcome,entry,tp1,tp2,sl,gross_r,net_r,cost_r,mtf_score,volume_ratio,rsi,eff_ratio,vol_atr_pct,vol_ratio_regime,adaptive_pack,adaptive_reason,risk_mult,quality_score,trend_score,volatility_score,entry_quality_score,portfolio_risk_score,session,trend_1h,trend_4h,entry_source,signals,score_tags,premium,sniper,knn_score,swing_trend,pullback_frac,run_len_before,impulse6_atr,retrace_bars_ratio,pullback_vol_ratio,post_sl_tp1,post_sl_max_r,mae_r,mfe_tp1,accel_ratio,buy_pressure,absorption,obv_agree,obv_strength,size_mult,signal_bar,zone_age_bars,bos_candles_ago,extension_atr,room_atr,tp1_beyond_level,entry_range_atr,run_bars
ETHUSDT,1213,1222,1776110400,1776119400,LONG,TRAIL,2252.06,2288.97861129,2559.71509406,2190.52898119,0.5134167335185734,0.502608177417729,0.010808556100844493,13,1.91,70.95,0.46408304498270125,0.006634144224468275,1.0,base,adaptive disabled,1.15,74.0,60,100,70,80,DEAD_ZONE,neutral,bullish,FVG,BOS bullish | Vol 1.9x | FVG | ChoCH | Engulfing | Zone:FVG | MTF 13 | Risk x1.15,BOS+2 | BodyStrong+1 | 1hN+1 | 4h+2 | Vol+1 | BTC+2 | FVG+1 | ChoCH+1 | Engulfing+1 | Zone:FVG+1 | Sess:DEAD_ZONE | QualityRisk:1.15,0,0,-1.0,range,0.2153,3,5.4275,0.0526,1.8995,-1,0.0,0.0562,2.3105,0.0,0.2153,1.167,1.0,0.5129,0.73828125,1213,0,2,2.647,-1.0,0,1.637,2
ETHUSDT,1260,1264,1776152700,1776157200,LONG,TRAIL,2371.79,2388.866888,2514.0974,2343.32852,0.48559052445621664,0.4574655244562166,0.028125000000000063,15,9.67,71.69,0.4770491803278651,0.004564778179523892,1.5945891973550825,base,adaptive disabled,1.0,90.5,90,100,90,80,LONDON,bullish,bullish,FVG,BOS bullish | Vol 9.7x | FVG | ChoCH | Session:LONDON | StrongTrend1h | Zone:FVG | MTF 15,BOS+2 | BodyStrong+1 | 1h+2 | 4h+2 | Vol+2 | BTC+2 | FVG+1 | ChoCH+1 | Zone:FVG+1 | Sess:LONDON | Strong1h+1,0,1,-1.0,bear,0.5229,0,4.1248,0.1765,4.8252,-1,0.0,0.0271,1.382,0.0,-0.0474,3.976,1.0,0.3198,0.84375,1258,0,1,2.104,1.657,1,0.059,0
BTCUSDT,1283,1283,1776173400,1776174300,LONG,TP1,74559.2,75096.02624,79032.752,73664.4896,0.0,-0.012500000000000053,0.012500000000000053,17,1.64,56.32,0.31158767345468563,0.002241465278691344,1.9384269920772028,base,adaptive disabled,1.15,75.9,90,87,50,80,NEW_YORK,bullish,bullish,FVG,BOS bullish | Vol 1.6x | FVG | LiqSweep | ChoCH | Session:NEW_YORK | StrongTrend1h | Zone:FVG | MTF 17 | Risk x1.15,BOS+2 | 1h+2 | 4h+2 | Vol+1 | RSI+1 | BTC+2 | FVG+1 | LiqSweep+1 | ChoCH+1 | Zone:FVG+1 | Sess:NEW_YORK | Strong1h+1 | NestedOB_1h+2 | QualityRisk:1.15,0,1,-1.0,bear,0.5172,0,3.9847,-1.0,-1.0,-1,0.0,0.0206,1.2006,0.0,-0.2886,1.078,1.0,0.2268,0.375,1283,0,1,0.275,0.257,1,1.521,3
ETHUSDT,1285,1287,1776175200,1776177900,LONG,TP1,2385.13,2402.302936,2528.2378,2356.50844,-0.30894542435841926,-0.33394542435841923,0.024999999999999963,17,3.44,64.15,0.5835777126099851,0.0044136914482119805,2.1162357594661043,base,adaptive disabled,1.0,82.5,90,90,70,80,NEW_YORK,bullish,bullish,FVG,BOS bullish | Vol 3.4x | FVG | ChoCH | Engulfing | BullWick | Session:NEW_YORK | StrongTrend1h | Zone:FVG | MTF 17,BOS+2 | 1h+2 | 4h+2 | Vol+2 | RSI+1 | BTC+2 | FVG+1 | ChoCH+1 | Engulfing+1 | BullWick+1 | Zone:FVG+1 | Sess:NEW_YORK | Strong1h+1,0,1,-1.0,bear,0.3694,0,3.6744,0.1111,8.1273,-1,0.0,0.6233,1.7399,0.0,0.3426,3.069,1.0,0.1613,0.75,1285,0,3,1.959,0.52,1,1.122,1
BTCUSDT,1332,1355,1776217500,1776239100,LONG,SL,74621.4,75203.23722964,79470.0435803,73651.67128394,-0.2926978394052618,-0.3013548043491364,0.008656964943874697,18,2.15,58.89,0.7477752351893998,0.0020491453739764063,0.8003672160986947,base,adaptive disabled,1.15,90.5,90,100,90,80,OFF_HOURS,bullish,bullish,FVG,BOS bullish | Vol 2.1x | FVG | ChoCH | StrongTrend1h | Zone:FVG | MTF 18 | Risk x1.15,BOS+2 | BodyStrong+1 | 1h+2 | 4h+2 | Vol+2 | RSI+1 | BTC+2 | FVG+1 | ChoCH+1 | Zone:FVG+1 | Sess:OFF_HOURS | Strong1h+1 | NestedOB_1h+2 | QualityRisk:1.15,0,0,-1.0,range,0.1512,0,1.8144,0.1111,0.9781,-1,0.0,1.0686,0.1573,3.454,0.208,2.884,1.0,0.5523,0.28125,1331,0,1,0.094,1.742,1,0.557,0
ETHUSDT,1387,1403,1776267000,1776282300,LONG,TP2,2332.57,2368.09,2377.14,2303.88491471,2.0393219824377673,1.996630833444499,0.04269114899326807,14,2.54,61.15,0.15010515247108416,0.005420760703170136,2.1055433131269896,base,adaptive disabled,1.0,73.6,60,68,90,80,NEW_YORK,neutral,bullish,FVG,BOS bullish | Vol 2.5x | FVG | ChoCH | Session:NEW_YORK | Zone:FVG | MTF 14,BOS+2 | BodyStrong+1 | 1hN+1 | 4h+2 | Vol+2 | RSI+1 | BTC+2 | FVG+1 | ChoCH+1 | Zone:FVG+1 | Sess:NEW_YORK,0,0,-1.0,bull,0.4333,0,2.8583,0.1111,1.7877,-1,0.0,0.4169,1.4367,0.872,0.1859,1.421,1.0,0.2201,1.3125,1386,3,3,1.132,5.56,0,1.244,2
ETHUSDT,1405,1476,1776283200,1776348000,LONG,SL,2363.08,2394.06292826,2621.2710688,2311.44178624,-0.6327799244154212,-0.643076426972058,0.010296502556636873,15,2.06,69.91,0.5602605863192167,0.004657050948543589,1.4635629912911994,base,adaptive disabled,1.0,90.5,90,100,90,80,DEAD_ZONE,bullish,bullish,FVG,BOS bullish | Vol 2.1x | FVG | ChoCH | StrongTrend1h | Zone:FVG | MTF 15,BOS+2 | BodyStrong+1 | 1h+2 | 4h+2 | Vol+2 | BTC+2 | FVG+1 | ChoCH+1 | Zone:FVG+1 | Sess:DEAD_ZONE | Strong1h+1,0,0,-1.0,bull,0.3258,0,3.9059,0.1111,1.4716,-1,0.0,1.3593,0.4906,1.937,0.1507,1.129,1.0,0.3387,0.5625,1404,1,3,1.951,2.037,1,0.713,1
BTCUSDT,1437,1476,1776312000,1776348000,LONG,SL,74851.8,75390.73296,79342.908,73953.5784,-0.36302984697762875,-0.3724048469776287,0.009374999999999955,16,1.42,56.03,0.3360456816559656,0.003507629573075115,1.3859754075505553,base,adaptive disabled,1.15,84.5,90,100,70,80,OFF_HOURS,bullish,bullish,FVG,BOS bullish | Vol 1.4x | FVG | ChoCH | BullWick | StrongTrend1h | Zone:FVG | MTF 16 | Risk x1.15,BOS+2 | BodyStrong+1 | 1h+2 | 4h+2 | Vol+1 | RSI+1 | BTC+2 | FVG+1 | ChoCH+1 | BullWick+1 | Zone:FVG+1 | Sess:OFF_HOURS | Strong1h+1 | QualityRisk:1.15,0,1,-1.0,bear,0.4876,0,2.349,0.3333,0.6555,-1,0.0,1.3936,0.4505,0.0,-0.0641,0.684,-1.0,-0.1797,0.28125,1433,0,1,0.436,0.309,1,0.086,0
BTCUSDT,1571,1575,1776432600,1776437100,LONG,TRAIL,76500.1,77578.36927707,85485.6773089,74702.98453822,0.11736385932659575,0.11377216136685155,0.0035916979597441986,15,3.52,71.16,0.6725011284417464,0.00795778845217294,4.745517819202597,base,adaptive disabled,1.0,86.5,90,80,90,80,NEW_YORK,bullish,bullish,FVG,BOS bullish | Vol 3.5x | FVG | ChoCH | Session:NEW_YORK | StrongTrend1h | Zone:FVG | MTF 15,BOS+2 | BodyStrong+1 | 1h+2 | 4h+2 | Vol+2 | BTC+2 | FVG+1 | ChoCH+1 | Zone:FVG+1 | Sess:NEW_YORK | Strong1h+1,0,0,-1.0,bull,0.2476,0,5.0944,0.0526,3.4286,-1,0.0,0.1933,1.4611,7.746,0.1763,2.158,1.0,0.3761,0.2109375,1571,0,1,0.982,-1.0,0,1.629,2
ETHUSDT,1782,1798,1776622500,1776637800,SHORT,TRAIL,2299.78,2264.58084116,2006.45367633,2358.44526473,0.4188168264999878,0.4099964367449682,0.008820389755019557,14,1.66,30.03,0.5621588841722268,0.0051658587808315485,2.079240284341001,base,adaptive disabled,1.15,76.5,90,90,50,80,OFF_HOURS,bearish,bearish,FVG,BOS bearish | Vol 1.7x | FVG | ChoCH | Engulfing | StrongTrend1h | Zone:FVG | MTF 14 | Risk x1.15,BOS+2 | 1h+2 | 4h+2 | Vol+1 | BTC+2 | FVG+1 | ChoCH+1 | Engulfing+1 | Zone:FVG+1 | Sess:OFF_HOURS | Strong1h+1 | TrendPairRisk:1.15,0,0,-1.0,bear,0.1666,0,3.4416,0.0526,1.6367,-1,0.0,0.0615,1.3409,2.501,-0.1518,1.518,1.0,-0.5307,0.5625,1782,0,5,2.281,0.926,1,1.097,2
ETHUSDT,1805,1877,1776643200,1776708900,SHORT,SL,2264.28,2228.11410913,1962.89757605,2324.55648479,-0.8284325168259385,-0.8397019862113313,0.01126946938539284,15,1.8,34.38,0.36168851934762125,0.0063989020168104295,1.8987123574644775,base,adaptive disabled,1.15,82.5,90,90,70,80,DEAD_ZONE,bearish,bearish,FVG,BOS bearish | Vol 1.8x | FVG | ChoCH | StrongTrend1h | Zone:FVG | MTF 15 | Risk x1.15,BOS+2 | BodyStrong+1 | 1h+2 | 4h+2 | Vol+1 | RSI+1 | BTC+2 | FVG+1 | ChoCH+1 | Zone:FVG+1 | Sess:DEAD_ZONE | Strong1h+1 | TrendPairRisk:1.15,0,0,-1.0,bear,0.2303,0,1.7445,0.6667,1.7655,-1,0.0,1.1266,0.0293,1.57,0.0867,2.052,1.0,-0.0332,0.75,1800,1,2,0.405,3.234,1,0.0,3
BTCUSDT,1830,1834,1776665700,1776670200,SHORT,SL,74272.6,73737.83728,69816.244,75163.8712,-0.22308550697026985,-0.23011675697026998,0.007031250000000094,18,1.78,37.84,0.37896718665948786,0.0022066834394983965,1.1552057785164855,base,adaptive disabled,1.25,84.5,90,100,70,80,OFF_HOURS,bearish,bearish,FVG,BOS bearish | Vol 1.8x | FVG | ChoCH | Engulfing | StrongTrend1h | Zone:FVG | MTF 18 | Risk x1.25,BOS+2 | BodyStrong+1 | 1h+2 | 4h+2 | Vol+1 | RSI+1 | BTC+2 | FVG+1 | ChoCH+1 | Engulfing+1 | Zone:FVG+1 | Sess:OFF_HOURS | Strong1h+1 | NestedOB_1h+2 | QualityRisk:1.15 | TrendPairRisk:1.25,0,0,-1.0,range,0.2901,0,3.2489,0.1765,0.4631,-1,0.0,1.3884,0.0137,0.0,0.0038,1.628,1.0,-0.0263,0.2109375,1827,0,1,2.027,3.158,1,0.756,0
BTCUSDT,2043,2054,1776857400,1776868200,LONG,TRAIL,78170.8,78733.62976,82861.048,77232.7504,0.2588725857223141,0.24949758572231404,0.009375000000000015,15,3.95,68.57,0.40994236311237836,0.0015217339857863277,0.9504424996603325,base,adaptive disabled,1.15,90.5,90,100,90,80,OVERLAP,bullish,bullish,FVG,BOS bullish | Vol 4.0x | FVG | ChoCH | Session:OVERLAP | StrongTrend1h | Zone:FVG | MTF 15 | Risk x1.15,BOS+2 | BodyStrong+1 | 1h+2 | 4h+2 | Vol+2 | BTC+2 | FVG+1 | ChoCH+1 | Zone:FVG+1 | Sess:OVERLAP | Strong1h+1 | QualityRisk:1.15,0,1,-1.0,bear,0.2051,6,2.5825,0.0526,3.842,-1,0.0,0.076,1.7023,2.509,0.4351,5.664,1.0,0.4909,0.28125,2043,0,2,1.143,0.108,1,0.697,5
ETHUSDT,2047,2052,1776861000,1776866400,LONG,TRAIL,2397.84,2415.104448,2541.7104,2369.06592,0.6741744653521354,0.6304244653521357,0.04374999999999979,15,1.56,62.43,0.3928811282740039,0.00329713399091114,1.4994076567890104,base,adaptive disabled,1.0,84.5,90,100,70,80,OVERLAP,bullish,bullish,FVG,BOS bullish | Vol 1.6x | FVG | ChoCH | Session:OVERLAP | StrongTrend1h | Zone:FVG | MTF 15,BOS+2 | BodyStrong+1 | 1h+2 | 4h+2 | Vol+1 | RSI+1 | BTC+2 | FVG+1 | ChoCH+1 | Zone:FVG+1 | Sess:OVERLAP | Strong1h+1,0,0,-1.0,range,0.312,0,2.871,0.0526,2.2468,-1,0.0,0.0535,1.3988,10.0,-0.2603,1.018,-1.0,-0.3709,1.3125,2047,1,2,1.116,1.587,1,1.534,2
BTCUSDT,2056,2106,1776869100,1776915000,LONG,SL,78803.7,79452.35956211,84209.19635091,77722.60072982,-0.4082996928917576,-0.4192335223059907,0.010933829414233093,16,1.57,62.94,0.2062561094819102,0.004828777311689219,2.8326792331879136,base,adaptive disabled,1.0,79.3,90,74,70,80,NEW_YORK,bullish,bullish,FVG,BOS bullish | Vol 1.6x | FVG | ChoCH | BullWick | Session:NEW_YORK | StrongTrend1h | Zone:FVG | MTF 16,BOS+2 | BodyStrong+1 | 1h+2 | 4h+2 | Vol+1 | RSI+1 | BTC+2 | FVG+1 | ChoCH+1 | BullWick+1 | Zone:FVG+1 | Sess:NEW_YORK | Strong1h+1,0,0,-1.0,bull,0.2699,0,4.2115,0.1111,1.6112,-1,0.0,1.0972,0.9871,1.045,0.5302,0.741,1.0,0.4864,0.375,2056,1,4,1.09,-1.0,0,2.123,0
BTCUSDT,2214,2405,1777011300,1777184100,LONG,EXPIRED,77895.1,78455.94472,82568.806,76960.3588,0.05792044364793139,0.041514193647931456,0.01640624999999993,17,1.6,50.87,0.3595188412912977,0.0019148380050037271,1.1205577459670755,base,adaptive disabled,1.15,74.0,60,100,70,80,OFF_HOURS,neutral,bullish,FVG,BOS bullish | Vol 1.6x | FVG | LiqSweep | ChoCH | BullWick | Zone:FVG | MTF 17 | Risk x1.15,BOS+2 | BodyStrong+1 | 1hN+1 | 4h+2 | Vol+1 | RSI+1 | BTC+2 | FVG+1 | LiqSweep+1 | ChoCH+1 | BullWick+1 | Zone:FVG+1 | Sess:OFF_HOURS | NestedOB_1h+2 | QualityRisk:1.15,0,1,-1.0,bear,0.5948,0,3.5356,5.6667,3.0765,-1,0.0,0.9565,0.8924,0.0,0.2523,5.894,-1.0,0.406,0.4921875,2214,0,1,0.51,2.402,1,0.271,3
ETHUSDT,2247,2438,1777041000,1777213800,SHORT,SL,2315.08,2298.411424,2176.1752,2342.86096,-0.9251840109197069,-0.9501840109197068,0.024999999999999953,22,1.87,38.01,0.489857574449714,0.003932958021603349,2.3426100426818466,base,adaptive disabled,1.25,85.5,90,90,80,80,NEW_YORK,bearish,bearish,OB,BOS bearish | Vol 1.9x | FVG | OB | LiqSweep | ChoCH | Session:NEW_YORK | StrongTrend1h | Zone:OB | 💎PREMIUM | MTF 22 | Risk x1.25,BOS+2 | BodyStrong+1 | 1h+2 | 4h+2 | Vol+1 | RSI+1 | BTC+2 | FVG+1 | OB+1 | LiqSweep+1 | ChoCH+1 | Zone:OB+1 | Sess:NEW_YORK | Strong1h+1 | NestedOB_1h+2 | 💎Premium+3 | QualityRisk:1.15 | TrendPairRisk:1.25,1,0,-1.0,range,0.3989,1,4.6337,0.0526,1.8098,-1,0.0,1.311,0.7757,0.0,0.0305,1.083,-1.0,0.3261,0.75,2247,24,2,2.512,0.075,1,1.729,0
BTCUSDT,2458,2468,1777230900,1777240800,LONG,TP1,78074.3,78636.43496,82758.758,77137.4084,0.0,-0.007031249999999981,0.007031249999999981,15,2.87,64.18,0.32826300294407695,0.0018670582365060183,2.212107030991545,base,adaptive disabled,1.0,82.3,90,89,70,80,OFF_HOURS,bullish,bullish,FVG,BOS bullish | Vol 2.9x | FVG | ChoCH | StrongTrend1h | Zone:FVG | MTF 15,BOS+2 | 1h+2 | 4h+2 | Vol+2 | RSI+1 | BTC+2 | FVG+1 | ChoCH+1 | Zone:FVG+1 | Sess:OFF_HOURS | Strong1h+1,0,1,-1.0,bear,0.5868,6,4.2692,0.0526,1.7279,-1,0.0,0.2394,1.4189,0.665,0.2077,1.015,1.0,0.1334,0.2109375,2455,0,1,1.278,1.195,1,2.259,5
BTCUSDT,2482,2505,1777252500,1777274100,LONG,SL,79092.0,80003.19754656,86685.31288797,77573.33742241,-0.21284558516807336,-0.21723983811041567,0.004394252942342292,16,1.34,67.16,0.4796245421245389,0.005194498243935198,2.9140239545331603,base,adaptive disabled,1.0,82.5,90,90,70,80,OFF_HOURS,bullish,bullish,FVG,BOS bullish | Vol 1.3x | FVG | ChoCH | Engulfing | StrongTrend1h | Zone:FVG | MTF 16,BOS+2 | BodyStrong+1 | 1h+2 | 4h+2 | Vol+1 | RSI+1 | BTC+2 | FVG+1 | ChoCH+1 | Engulfing+1 | Zone:FVG+1 | Sess:OFF_HOURS | Strong1h+1,0,0,-1.0,range,0.2214,0,3.7974,0.0526,1.291,-1,0.0,1.0779,0.2737,10.0,-0.0171,1.048,1.0,0.1565,0.2109375,2482,0,1,0.844,1.255,1,1.276,2
BTCUSDT,2622,2632,1777378500,1777388400,SHORT,TRAIL,76302.1,75752.72488,71723.974,77217.7252,0.26151444799684553,0.24510819799684544,0.01640625000000009,16,2.13,32.3,0.7844145020141912,0.0020359439545876022,1.182456770545215,base,adaptive disabled,1.25,90.5,90,100,90,80,OVERLAP,bearish,bearish,FVG,BOS bearish | Vol 2.1x | FVG | ChoCH | Session:OVERLAP | StrongTrend1h | Zone:FVG | MTF 16 | Risk x1.25,BOS+2 | BodyStrong+1 | 1h+2 | 4h+2 | Vol+2 | RSI+1 | BTC+2 | FVG+1 | ChoCH+1 | Zone:FVG+1 | Sess:OVERLAP | Strong1h+1 | QualityRisk:1.15 | TrendPairRisk:1.25,0,0,-1.0,bear,0.243,0,3.6448,0.1111,0.8244,-1,0.0,0.0751,1.1957,0.0,0.1604,1.877,1.0,-0.0076,0.4921875,2620,0,1,1.15,10.656,0,0.947,5
BTCUSDT,2734,2911,1777479300,1777639500,SHORT,SL,75979.5,74860.5757362,66655.13113499,77844.373773,-0.5148392186917193,-0.5228603857428472,0.008021167051127811,14,2.8,31.3,0.3300360261342161,0.003841114999889851,2.4263610735100047,base,adaptive disabled,1.0,77.8,60,89,90,80,NEW_YORK,neutral,bearish,FVG,BOS bearish | Vol 2.8x | FVG | ChoCH | Engulfing | Session:NEW_YORK | Zone:FVG | MTF 14,BOS+2 | BodyStrong+1 | 1hN+1 | 4h+2 | Vol+2 | BTC+2 | FVG+1 | ChoCH+1 | Engulfing+1 | Zone:FVG+1 | Sess:NEW_YORK,0,0,-1.0,bear,0.1581,0,4.0904,0.1111,1.6499,-1,0.0,1.2648,0.9516,0.554,-0.2989,2.696,1.0,-0.3125,0.4921875,2734,1,4,1.816,1.608,1,1.039,2
ETHUSDT,2734,2741,1777479300,1777486500,SHORT,TP1,2274.18,2232.89677428,1930.15311897,2342.98537621,0.0,-0.017352488508397542,0.017352488508397542,13,2.83,32.25,0.26406685236768784,0.005271135197792179,2.4265862466538137,base,adaptive disabled,1.0,70.2,60,81,70,80,NEW_YORK,neutral,bearish,FVG,BOS bearish | Vol 2.8x | FVG | ChoCH | Session:NEW_YORK | Zone:FVG | MTF 13,BOS+2 | 1hN+1 | 4h+2 | Vol+2 | RSI+1 | BTC+2 | FVG+1 | ChoCH+1 | Zone:FVG+1 | Sess:NEW_YORK,0,0,-1.0,bear,0.153,0,4.9458,0.1111,2.4322,-1,0.0,0.0448,1.0254,0.535,0.0135,2.637,1.0,-0.051,1.3125,2734,1,4,1.883,0.769,1,1.071,2
ETHUSDT,2786,2874,1777526100,1777606200,SHORT,SL,2238.28,2212.00086689,2019.2872241,2282.07855518,-0.5879474766729051,-0.5994458696662422,0.011498392993337155,16,3.56,38.31,0.4537674418604712,0.002054673928743143,0.7336490480489057,base,adaptive disabled,1.15,88.5,90,90,90,80,OFF_HOURS,bearish,bearish,FVG,BOS bearish | Vol 3.6x | FVG | ChoCH | StrongTrend1h | Zone:FVG | MTF 16 | Risk x1.15,BOS+2 | BodyStrong+1 | 1h+2 | 4h+2 | Vol+2 | RSI+1 | BTC+2 | FVG+1 | ChoCH+1 | Zone:FVG+1 | Sess:OFF_HOURS | Strong1h+1 | TrendPairRisk:1.15,0,0,-1.0,bear,0.0706,0,2.7664,0.1111,1.7244,-1,0.0,1.4092,0.2504,0.0,0.2981,7.464,-1.0,0.2751,0.5625,2785,0,1,0.095,4.003,1,0.048,0
BTCUSDT,2973,3044,1777694400,1777759200,LONG,TRAIL,78322.1,78886.01912,83021.426,77382.2348,0.10288044498296006,0.09584919498296006,0.00703125,16,2.02,58.86,0.19263373282666393,0.002261336645882598,1.3968068297662186,base,adaptive disabled,1.15,87.1,90,83,90,80,OFF_HOURS,bullish,bullish,FVG,BOS bullish | Vol 2.0x | FVG | ChoCH | StrongTrend1h | Zone:FVG | MTF 16 | Risk x1.15,BOS+2 | BodyStrong+1 | 1h+2 | 4h+2 | Vol+2 | RSI+1 | BTC+2 | FVG+1 | ChoCH+1 | Zone:FVG+1 | Sess:OFF_HOURS | Strong1h+1 | QualityRisk:1.15,0,0,-1.0,bull,0.3224,0,2.3783,0.1111,2.1264,-1,0.0,0.317,1.4114,1.224,0.4451,1.576,1.0,0.3511,0.2109375,2972,0,3,0.47,3.705,1,0.592,2
BTCUSDT,3136,3156,1777841100,1777860000,LONG,TP1,78867.3,79435.14456,83599.338,77920.8924,0.0,-0.007031249999999958,0.007031249999999958,15,3.86,70.72,0.5839668279198459,0.0038527694805128997,4.615142838676593,base,adaptive disabled,1.0,80.5,90,80,70,80,DEAD_ZONE,bullish,bullish,FVG,BOS bullish | Vol 3.9x | FVG | ChoCH | Engulfing | StrongTrend1h | Zone:FVG | MTF 15,BOS+2 | 1h+2 | 4h+2 | Vol+2 | BTC+2 | FVG+1 | ChoCH+1 | Engulfing+1 | Zone:FVG+1 | Sess:DEAD_ZONE | Strong1h+1,0,0,-1.0,bull,0.5017,2,5.2515,0.1111,14.7698,-1,0.0,0.6666,1.7651,0.0,-0.1107,1.254,1.0,0.6554,0.2109375,3136,0,1,1.972,1.248,1,3.077,1
ETHUSDT,3136,3141,1777841100,1777846500,LONG,TP1,2332.61,2349.404792,2472.5666,2304.61868,0.0,-0.033333333333333236,0.033333333333333236,15,6.64,63.89,0.3900778210116733,0.002197925345040635,1.8308639345503313,base,adaptive disabled,1.0,82.5,90,90,70,80,DEAD_ZONE,bullish,bullish,FVG,BOS bullish | Vol 6.6x | FVG | ChoCH | StrongTrend1h | Zone:FVG | MTF 15,BOS+2 | 1h+2 | 4h+2 | Vol+2 | RSI+1 | BTC+2 | FVG+1 | ChoCH+1 | Zone:FVG+1 | Sess:DEAD_ZONE | Strong1h+1,0,0,-1.0,bull,0.4788,3,3.9902,0.0526,6.4273,-1,0.0,0.6291,1.1301,0.0,-0.5518,2.972,1.0,0.061,1.0,3136,3,1,0.667,1.221,1,2.234,2
ETHUSDT,3210,3298,1777907700,1777987800,LONG,TRAIL,2361.74,2395.63992313,2644.23935942,2305.24012812,0.3242595848520031,0.31485440423268024,0.009405180619322885,15,1.8,59.47,0.397551314368022,0.00669218358818782,3.171324888562859,base,adaptive disabled,1.15,80.5,90,80,70,80,NEW_YORK,bullish,bullish,FVG,BOS bullish | Vol 1.8x | FVG | ChoCH | Session:NEW_YORK | StrongTrend1h | Zone:FVG | MTF 15 | Risk x1.15,BOS+2 | BodyStrong+1 | 1h+2 | 4h+2 | Vol+1 | RSI+1 | BTC+2 | FVG+1 | ChoCH+1 | Zone:FVG+1 | Sess:NEW_YORK | Strong1h+1 | QualityRisk:1.15,0,0,-1.0,range,0.2675,0,5.4263,0.1111,2.8076,-1,0.0,0.46,1.0466,2.163,0.1293,1.574,1.0,0.2961,0.5625,3210,0,3,2.156,3.835,0,1.141,4
BTCUSDT,3212,3268,1777909500,1777960800,LONG,TRAIL,79875.9,81134.97605274,90368.20043953,77777.43991209,0.18576121711623497,0.1804084593953639,0.00535275772087108,17,3.51,58.33,0.4135645079041226,0.009714446222997768,4.112862061992825,base,adaptive disabled,1.15,86.5,90,80,90,80,NEW_YORK,bullish,bullish,FVG,BOS bullish | Vol 3.5x | FVG | ChoCH | BullWick | Session:NEW_YORK | StrongTrend1h | Zone:FVG | MTF 17 | Risk x1.15,BOS+2 | BodyStrong+1 | 1h+2 | 4h+2 | Vol+2 | RSI+1 | BTC+2 | FVG+1 | ChoCH+1 | BullWick+1 | Zone:FVG+1 | Sess:NEW_YORK | Strong1h+1 | QualityRisk:1.15,0,1,-1.0,bear,0.3004,1,4.3635,0.25,4.8369,-1,0.0,0.1589,1.0238,2.524,0.2145,1.47,1.0,0.3185,0.3515625,3211,1,4,2.022,2.614,1,1.047,0
BTCUSDT,3274,3326,1777965300,1778013000,LONG,TRAIL,80974.3,81674.27429199,86807.41909989,79807.67618002,0.15928174259564232,0.15147321975050088,0.007808522845141443,15,1.79,65.01,0.25775692447402054,0.0024084502883902114,1.2881194959073663,base,adaptive disabled,1.0,82.5,90,90,70,80,OFF_HOURS,bullish,bullish,FVG,BOS bullish | Vol 1.8x | FVG | ChoCH | StrongTrend1h | Zone:FVG | MTF 15,BOS+2 | BodyStrong+1 | 1h+2 | 4h+2 | Vol+1 | RSI+1 | BTC+2 | FVG+1 | ChoCH+1 | Zone:FVG+1 | Sess:OFF_HOURS | Strong1h+1,0,0,-1.0,bull,0.2322,3,1.4892,0.5385,1.5246,-1,0.0,0.4357,1.075,0.255,0.0476,2.788,1.0,0.401,0.28125,3269,1,1,0.493,-1.0,0,0.524,2
ETHUSDT,3330,3378,1778015700,1778059800,LONG,TRAIL,2377.31,2394.426632,2519.9486,2348.78228,0.5962621618552068,0.5525121618552069,0.04374999999999993,13,2.08,60.98,0.7006388804380882,0.003111982838596155,1.659763808830469,base,adaptive disabled,1.0,74.0,60,100,70,80,DEAD_ZONE,neutral,bullish,FVG,BOS bullish | Vol 2.1x | FVG | ChoCH | Zone:FVG | MTF 13,BOS+2 | 1hN+1 | 4h+2 | Vol+2 | RSI+1 | BTC+2 | FVG+1 | ChoCH+1 | Zone:FVG+1 | Sess:DEAD_ZONE,0,0,-1.0,range,0.3472,1,3.1394,0.0526,1.331,-1,0.0,0.8388,1.0049,0.0,0.022,1.243,-1.0,0.1807,1.3125,3327,0,1,1.92,0.919,1,0.951,0
ETHUSDT,3493,3496,1778162400,1778166000,SHORT,TRAIL,2315.97,2299.295016,2177.0118,2343.76164,1.119401373938323,1.0694013739383237,0.04999999999999934,14,3.9,34.84,0.46900175131348515,0.0036564029662676536,1.7929229677772625,base,adaptive disabled,1.0,75.8,65,100,70,80,NEW_YORK,bearish,neutral,FVG,BOS bearish | Vol 3.9x | FVG | ChoCH | Session:NEW_YORK | StrongTrend1h | Zone:FVG | MTF 14,BOS+2 | 1h+2 | 4hN+1 | Vol+2 | RSI+1 | BTC+2 | FVG+1 | ChoCH+1 | Zone:FVG+1 | Sess:NEW_YORK | Strong1h+1,0,0,-1.0,range,0.3924,2,5.7508,0.0526,3.8168,-1,0.0,0.0576,1.657,2.475,-0.0068,1.634,1.0,-0.8557,1.5,3493,0,1,0.357,0.072,1,2.387,1
BTCUSDT,3563,3641,1778225400,1778296500,SHORT,SL,79467.6,78895.43328,74699.544,80421.2112,-0.6393083077254093,-0.6604020577254093,0.02109375000000002,17,2.27,34.55,0.30761043108036157,0.0018496698499619326,1.0433977188263213,base,adaptive disabled,1.15,81.0,65,96,90,80,LONDON,bearish,neutral,FVG,BOS bearish | Vol 2.3x | FVG | ChoCH | Session:LONDON | StrongTrend1h | Zone:FVG | MTF 17 | Risk x1.15,BOS+2 | BodyStrong+1 | 1h+2 | 4hN+1 | Vol+2 | RSI+1 | BTC+2 | FVG+1 | ChoCH+1 | Zone:FVG+1 | Sess:LONDON | Strong1h+1 | NestedOB_1h+2 | QualityRisk:1.15,0,0,-1.0,range,0.5649,0,2.5984,9.0,142.3185,-1,0.0,1.0804,0.3235,3.828,0.398,2.146,1.0,-0.4576,0.6328125,3562,1,4,1.737,1.098,1,0.563,2
BTCUSDT,3872,3886,1778503500,1778517000,LONG,TRAIL,81077.4,81661.15728,85942.044,80104.4712,0.3178152429232118,0.30140899292321166,0.016406250000000094,14,2.89,62.47,0.34581066376494923,0.0021718326275453007,1.586123866320702,base,adaptive disabled,1.0,80.0,60,100,90,80,OVERLAP,neutral,bullish,FVG,BOS bullish | Vol 2.9x | FVG | ChoCH | Session:OVERLAP | Zone:FVG | MTF 14,BOS+2 | BodyStrong+1 | 1hN+1 | 4h+2 | Vol+2 | RSI+1 | BTC+2 | FVG+1 | ChoCH+1 | Zone:FVG+1 | Sess:OVERLAP,0,0,-1.0,bull,0.3175,0,2.6641,0.0526,0.5336,-1,0.0,0.7004,1.2505,1.414,0.3398,1.431,1.0,0.4815,0.4921875,3871,3,2,0.726,3.807,1,1.213,1
BTCUSDT,3888,3984,1778517900,1778605200,LONG,SL,81617.7,82498.26876292,88955.77302431,80150.08539514,-0.7563612894857347,-0.7709595676570288,0.014598278171294084,14,1.37,61.92,0.2594890305115359,0.0038687549241069007,2.227163841306363,base,adaptive disabled,1.0,70.2,60,81,70,80,NEW_YORK,neutral,bullish,FVG,BOS bullish | Vol 1.4x | FVG | ChoCH | Engulfing | Session:NEW_YORK | Zone:FVG | MTF 14,BOS+2 | BodyStrong+1 | 1hN+1 | 4h+2 | Vol+1 | RSI+1 | BTC+2 | FVG+1 | ChoCH+1 | Engulfing+1 | Zone:FVG+1 | Sess:NEW_YORK,0,0,-1.0,range,0.1516,0,3.9445,0.0526,1.3209,-1,0.0,1.2385,0.4814,0.0,0.4309,0.968,1.0,0.5437,0.65625,3888,1,3,1.069,0.595,1,1.412,0
ETHUSDT,3949,3949,1778572800,1778573700,SHORT,TP1,2302.08,2285.505024,2163.9552,2329.70496,0.0,-0.04218749999999984,0.04218749999999984,15,2.53,33.67,0.37862468931235566,0.0021063167663903383,1.6701157584935227,base,adaptive disabled,1.0,81.8,65,100,90,80,LONDON,bearish,neutral,FVG,BOS bearish | Vol 2.5x | FVG | ChoCH | Session:LONDON | StrongTrend1h | Zone:FVG | MTF 15,BOS+2 | BodyStrong+1 | 1h+2 | 4hN+1 | Vol+2 | RSI+1 | BTC+2 | FVG+1 | ChoCH+1 | Zone:FVG+1 | Sess:LONDON | Strong1h+1,0,0,-1.0,range,0.4617,2,5.9336,0.0526,2.6096,-1,0.0,0.0308,1.1005,0.0,-0.2724,1.711,1.0,-0.5112,1.265625,3947,0,3,2.424,11.327,0,1.899,1
BTCUSDT,4128,4168,1778733900,1778770800,SHORT,SL,79382.3,78810.74744,74619.362,80334.8876,-0.31640625,-0.32343750000000004,0.007031250000000009,16,2.62,33.53,0.45164167004459327,0.003249569403772075,1.9553489356391496,base,adaptive disabled,1.15,88.5,90,90,90,80,OFF_HOURS,bearish,bearish,FVG,BOS bearish | Vol 2.6x | FVG | ChoCH | StrongTrend1h | Zone:FVG | MTF 16 | Risk x1.15,BOS+2 | BodyStrong+1 | 1h+2 | 4h+2 | Vol+2 | RSI+1 | BTC+2 | FVG+1 | ChoCH+1 | Zone:FVG+1 | Sess:OFF_HOURS | Strong1h+1 | TrendPairRisk:1.15,0,1,-1.0,bull,0.6895,0,2.6542,0.25,0.9085,-1,0.0,1.6225,0.3365,0.0,0.018,1.696,1.0,-0.2528,0.2109375,4125,3,4,2.48,1.251,1,0.437,0
BTCUSDT,4457,4491,1779030000,1779061500,SHORT,TRAIL,78027.3,77465.50344,73345.662,78963.6276,0.14271597488955726,0.1263097248895573,0.016406249999999928,14,4.39,36.28,0.698810012310196,0.0020129513893046747,2.3171586680133465,base,adaptive disabled,1.0,72.0,60,90,70,80,NEW_YORK,neutral,bearish,FVG,BOS bearish | Vol 4.4x | FVG | ChoCH | Engulfing | Session:NEW_YORK | Zone:FVG | MTF 14,BOS+2 | 1hN+1 | 4h+2 | Vol+2 | RSI+1 | BTC+2 | FVG+1 | ChoCH+1 | Engulfing+1 | Zone:FVG+1 | Sess:NEW_YORK,0,0,-1.0,range,0.341,0,4.7959,0.1765,1.9479,-1,0.0,0.3923,2.4746,0.0,-0.174,1.705,1.0,-0.6122,0.4921875,4455,0,5,2.425,3.391,1,0.356,8
ETHUSDT,4631,4649,1779186600,1779203700,SHORT,TRAIL,2115.65,2096.74237714,1958.08647618,2147.16270476,0.7047157700087074,0.6518458438094558,0.05286992619925161,13,14.88,32.49,0.5638989169675088,0.003911706783078042,1.8552753771768775,base,adaptive disabled,1.0,72.0,60,90,70,80,LONDON,neutral,bearish,FVG,BOS bearish | Vol 14.9x | FVG | ChoCH | Session:LONDON | Zone:FVG | MTF 13,BOS+2 | 1hN+1 | 4h+2 | Vol+2 | RSI+1 | BTC+2 | FVG+1 | ChoCH+1 | Zone:FVG+1 | Sess:LONDON,0,1,-1.0,bull,0.2112,1,4.5134,0.1111,0.0872,-1,0.0,0.2789,1.2217,0.0,-0.0502,20.0,1.0,-0.8556,1.96875,4629,1,2,1.975,0.934,1,0.267,0
BTCUSDT,4650,4725,1779203700,1779272100,SHORT,SL,76539.9,75988.81272,71947.506,77458.3788,-0.5105792860978342,-0.526985536097834,0.016406249999999793,16,6.15,38.93,0.20856855618282033,0.00404732933883502,2.1414254733687956,base,adaptive disabled,1.0,75.0,60,75,90,80,NEW_YORK,neutral,bearish,FVG,BOS bearish | Vol 6.2x | FVG | LiqSweep | ChoCH | BearWick | Session:NEW_YORK | Zone:FVG | MTF 16,BOS+2 | BodyStrong+1 | 1hN+1 | 4h+2 | Vol+2 | RSI+1 | BTC+2 | FVG+1 | LiqSweep+1 | ChoCH+1 | BearWick+1 | Zone:FVG+1 | Sess:NEW_YORK,0,0,-1.0,bear,0.6226,0,5.6349,0.1111,2.0615,-1,0.0,1.0415,0.389,6.969,-0.1548,3.904,1.0,-0.1534,0.4921875,4647,0,4,0.936,0.073,1,1.06,4
BTCUSDT,5226,5267,1779722100,1779759900,LONG,SL,77597.6,78156.30272,82253.456,76666.4288,-0.32375558329123444,-0.33313058329123435,0.009374999999999885,14,1.74,67.09,0.7119388729703743,0.001822181698562182,1.316833386486181,base,adaptive disabled,1.0,78.5,90,100,50,80,NEW_YORK,bullish,bullish,FVG,BOS bullish | Vol 1.7x | FVG | ChoCH | Session:NEW_YORK | StrongTrend1h | Zone:FVG | MTF 14,BOS+2 | 1h+2 | 4h+2 | Vol+1 | RSI+1 | BTC+2 | FVG+1 | ChoCH+1 | Zone:FVG+1 | Sess:NEW_YORK | Strong1h+1,0,0,-1.0,range,0.2874,2,4.9383,0.0526,1.6729,-1,0.0,1.2074,0.2153,0.0,0.1238,1.167,1.0,0.8528,0.28125,5226,0,4,1.98,0.701,1,1.492,1
ETHUSDT,5239,5257,1779733800,1779750900,LONG,SL,2125.88,2141.186336,2253.4328,2100.36944,-0.7585094172766105,-0.7835094172766104,0.02499999999999984,17,3.15,64.48,0.2837136929460599,0.0029708780052028097,1.9090571333311437,base,adaptive disabled,1.15,90.3,90,84,100,80,OFF_HOURS,bullish,bullish,OB,BOS bullish | Vol 3.1x | FVG | OB | ChoCH | StrongTrend1h | Zone:OB | MTF 17 | Risk x1.15,BOS+2 | BodyStrong+1 | 1h+2 | 4h+2 | Vol+2 | RSI+1 | BTC+2 | FVG+1 | OB+1 | ChoCH+1 | Zone:OB+1 | Sess:OFF_HOURS | Strong1h+1 | QualityRisk:1.15,0,0,-1.0,bull,0.4743,0,2.4808,0.5385,1.6077,-1,0.0,1.0113,0.0078,1.055,-0.0413,2.416,1.0,0.1191,0.75,5234,4,1,0.349,0.387,1,0.091,1
BTCUSDT,5351,5411,1779834600,1779889500,SHORT,TRAIL,75689.6,75144.63488,74105.5,76597.8752,0.22176559011854122,0.2112187151185411,0.010546875000000127,14,1.31,36.64,0.2939600312604709,0.00158283481439714,0.5731331262347286,base,adaptive disabled,1.0,66.8,65,85,50,80,DEAD_ZONE,bearish,neutral,FVG,BOS bearish | Vol 1.3x | FVG | ChoCH | BearWick | StrongTrend1h | Zone:FVG | MTF 14,BOS+2 | 1h+2 | 4hN+1 | Vol+1 | RSI+1 | BTC+2 | FVG+1 | ChoCH+1 | BearWick+1 | Zone:FVG+1 | Sess:DEAD_ZONE | Strong1h+1,0,0,-1.0,range,0.201,4,2.3223,0.1111,1.2288,-1,0.0,0.3702,1.7432,4.968,0.1166,4.403,1.0,-0.2334,0.31640625,5351,0,1,0.369,8.431,0,0.298,3
BTCUSDT,5509,5513,1779976800,1779981300,SHORT,TRAIL,72981.0,72455.5368,68602.14,73856.772,0.03211452295803027,0.022739522958030244,0.009375000000000031,17,5.54,39.0,0.24551257979721144,0.004638055094389164,2.2887245390965325,base,adaptive disabled,1.15,86.3,90,79,90,80,NEW_YORK,bearish,bearish,FVG,BOS bearish | Vol 5.5x | FVG | LiqSweep | ChoCH | Session:NEW_YORK | StrongTrend1h | Zone:FVG | MTF 17 | Risk x1.15,BOS+2 | BodyStrong+1 | 1h+2 | 4h+2 | Vol+2 | RSI+1 | BTC+2 | FVG+1 | LiqSweep+1 | ChoCH+1 | Zone:FVG+1 | Sess:NEW_YORK | Strong1h+1 | TrendPairRisk:1.15,0,0,-1.0,bear,0.42,0,4.4278,0.1111,4.6,-1,0.0,0.5448,1.2787,0.0,0.0613,3.47,1.0,-0.0539,0.28125,5509,1,2,1.35,1.732,1,1.598,3
ETHUSDT,5561,5604,1780023600,1780063200,SHORT,TRAIL,2002.52,1988.101856,1882.3688,2026.55024,0.12248239093741899,0.08966989093741905,0.03281249999999994,16,3.27,35.35,0.742524075012675,0.002547445481992681,0.9033052979481049,base,adaptive disabled,1.15,74.0,60,100,70,80,OFF_HOURS,neutral,bearish,FVG,BOS bearish | Vol 3.3x | FVG | LiqSweep | ChoCH | Premium | BearWick | Zone:FVG | MTF 16 | Risk x1.15,BOS+2 | 1hN+1 | 4h+2 | Vol+2 | RSI+1 | BTC+2 | FVG+1 | LiqSweep+1 | ChoCH+1 | Premium+1 | BearWick+1 | Zone:FVG+1 | Sess:OFF_HOURS | QualityRisk:1.15,0,0,-1.0,bear,0.3178,4,2.7779,0.0526,0.2878,-1,0.0,0.6284,1.2047,1.757,-0.5046,2.538,1.0,-0.5294,0.984375,5560,0,1,1.186,7.125,0,0.933,3
BTCUSDT,5603,5607,1780061400,1780065900,SHORT,TRAIL,72998.8,72470.80753005,68598.86275045,73878.78744991,0.22092822178303134,0.20459658119944132,0.016331640583590025,13,2.02,28.34,0.9398566531629703,0.0024481605767457545,1.5888540554363175,base,adaptive disabled,1.0,80.0,60,100,90,80,NEW_YORK,neutral,bearish,FVG,BOS bearish | Vol 2.0x | FVG | ChoCH | Session:NEW_YORK | Zone:FVG | MTF 13,BOS+2 | BodyStrong+1 | 1hN+1 | 4h+2 | Vol+2 | BTC+2 | FVG+1 | ChoCH+1 | Zone:FVG+1 | Sess:NEW_YORK,0,1,-1.0,bull,0.1676,2,3.861,0.0526,1.9598,-1,0.0,0.2469,1.1604,4.973,-0.091,1.681,1.0,-0.4134,0.4921875,5603,0,5,2.618,2.88,1,1.202,1
BTCUSDT,5664,5855,1780116300,1780289100,SHORT,EXPIRED,73188.1,72661.14568,68796.814,74066.3572,-0.061365316731818935,-0.07367000423181903,0.012304687500000102,15,19.57,34.1,0.5926622765757399,0.0020568466460135493,1.3346910708004265,base,adaptive disabled,1.0,74.0,60,100,70,80,OFF_HOURS,neutral,bearish,FVG,BOS bearish | Vol 19.6x | FVG | ChoCH | Zone:FVG | MTF 15,BOS+2 | 1hN+1 | 4h+2 | Vol+2 | RSI+1 | BTC+2 | FVG+1 | ChoCH+1 | Zone:FVG+1 | Sess:OFF_HOURS | NestedOB_1h+2,0,0,-1.0,range,0.1841,7,5.3573,0.0526,22.2973,-1,0.0,1.036,0.1989,0.0,0.0131,17.88,1.0,-0.512,0.369140625,5664,0,2,1.378,0.216,1,1.095,6
ETHUSDT,5664,5752,1780116300,1780196400,SHORT,SL,2006.15,1981.06,1885.781,2030.2238,-0.9964865850011214,-1.0292990850011217,0.03281250000000015,15,8.95,36.13,0.5758620689655005,0.0030514292351649843,1.3715528786727968,base,adaptive disabled,1.0,74.0,60,100,70,80,OFF_HOURS,neutral,bearish,FVG,BOS bearish | Vol 8.9x | FVG | ChoCH | Zone:FVG | MTF 15,BOS+2 | 1hN+1 | 4h+2 | Vol+2 | RSI+1 | BTC+2 | FVG+1 | ChoCH+1 | Zone:FVG+1 | Sess:OFF_HOURS | NestedOB_1h+2,0,1,-1.0,bull,0.3675,3,5.2256,0.0526,8.7488,-1,0.0,1.1569,0.0642,0.0,0.0788,4.663,1.0,-0.3848,0.984375,5664,0,4,2.867,0.303,1,1.92,2
ETHUSDT,5783,5808,1780223400,1780246800,SHORT,TRAIL,2014.42,1999.916176,1893.5548,2038.59304,1.3772186907397785,1.3115936907397785,0.06562500000000027,13,2.13,32.07,0.27406049495875223,0.0028740537120677703,3.0475352055049556,base,adaptive disabled,1.0,68.4,60,72,70,80,LONDON,neutral,bearish,FVG,BOS bearish | Vol 2.1x | FVG | ChoCH | Session:LONDON | Zone:FVG | MTF 13,BOS+2 | 1hN+1 | 4h+2 | Vol+2 | RSI+1 | BTC+2 | FVG+1 | ChoCH+1 | Zone:FVG+1 | Sess:LONDON,0,0,-1.0,bear,0.1612,1,4.5645,0.0526,2.0228,-1,0.0,0.326,1.3224,0.663,-0.0865,2.159,-1.0,0.222,1.96875,5783,0,2,1.9,0.797,1,0.986,0
ETHUSDT,5886,5893,1780316100,1780323300,SHORT,TRAIL,1980.9,1966.63752,1862.046,2004.6708,0.5073451461456961,0.4823451461456961,0.024999999999999994,15,2.93,35.44,0.59113573407205,0.004519594181852563,1.617317502029877,base,adaptive disabled,1.15,84.5,90,100,70,80,OVERLAP,bearish,bearish,FVG,BOS bearish | Vol 2.9x | FVG | ChoCH | Session:OVERLAP | StrongTrend1h | Zone:FVG | MTF 15 | Risk x1.15,BOS+2 | 1h+2 | 4h+2 | Vol+2 | RSI+1 | BTC+2 | FVG+1 | ChoCH+1 | Zone:FVG+1 | Sess:OVERLAP | Strong1h+1 | TrendPairRisk:1.15,0,0,-1.0,range,0.7307,2,3.2831,0.0526,2.8451,-1,0.0,0.44,1.8671,10.0,0.0152,1.049,1.0,-0.1374,0.75,5886,17,1,0.871,0.062,1,2.796,1
BTCUSDT,5926,5941,1780352100,1780366500,SHORT,TRAIL,71200.0,70687.36,66928.0,72054.4,0.258075842696631,0.2455758426966309,0.012500000000000086,16,7.87,34.07,0.4017462297312614,0.003245079550238896,1.331828681297879,base,adaptive disabled,1.15,84.5,90,100,70,80,DEAD_ZONE,bearish,bearish,FVG,BOS bearish | Vol 7.9x | FVG | ChoCH | BearWick | StrongTrend1h | Zone:FVG | MTF 16 | Risk x1.15,BOS+2 | 1h+2 | 4h+2 | Vol+2 | RSI+1 | BTC+2 | FVG+1 | ChoCH+1 | BearWick+1 | Zone:FVG+1 | Sess:DEAD_ZONE | Strong1h+1 | TrendPairRisk:1.15,0,0,-1.0,range,0.4911,1,3.761,0.0526,1.3705,-1,0.0,0.3668,2.3155,0.0,0.0195,7.142,-1.0,-0.1682,0.375,5923,0,1,1.163,2.316,1,0.985,0
BTCUSDT,5945,5954,1780369200,1780378200,SHORT,TRAIL,70862.7,70333.54434058,66453.06950487,71744.62609903,0.03891429371207617,0.03213476839915475,0.006779525312921425,16,1.33,33.42,0.38808353808354334,0.004545083567097876,1.5067322490520854,base,adaptive disabled,1.15,84.5,90,100,70,80,OFF_HOURS,bearish,bearish,FVG,BOS bearish | Vol 1.3x | FVG | ChoCH | Engulfing | StrongTrend1h | Zone:FVG | MTF 16 | Risk x1.15,BOS+2 | BodyStrong+1 | 1h+2 | 4h+2 | Vol+1 | RSI+1 | BTC+2 | FVG+1 | ChoCH+1 | Engulfing+1 | Zone:FVG+1 | Sess:OFF_HOURS | Strong1h+1 | TrendPairRisk:1.15,0,1,-1.0,bull,0.5663,0,4.9069,0.25,2.3243,-1,0.0,0.0772,1.1029,4.027,-0.2843,0.89,1.0,-0.4761,0.2109375,5941,0,1,2.1,-1.0,0,0.865,1
BTCUSDT,5998,6012,1780416900,1780430400,SHORT,TRAIL,67703.5,66390.34658866,56760.55490549,69892.0890189,0.1539347941027892,0.1492945784605193,0.004640215642269928,16,1.31,34.93,0.3857699172480916,0.007407361020047651,2.0054993207001233,base,adaptive disabled,1.25,85.5,90,90,80,80,NEW_YORK,bearish,bearish,OB,BOS bearish | Vol 1.3x | FVG | OB | ChoCH | Session:NEW_YORK | StrongTrend1h | Zone:OB | MTF 16 | Risk x1.25,BOS+2 | BodyStrong+1 | 1h+2 | 4h+2 | Vol+1 | RSI+1 | BTC+2 | FVG+1 | OB+1 | ChoCH+1 | Zone:OB+1 | Sess:NEW_YORK | Strong1h+1 | QualityRisk:1.15 | TrendPairRisk:1.25,0,0,-1.0,bear,0.303,0,3.3216,0.1765,1.165,-1,0.0,0.1405,1.0886,1.364,-0.2684,0.669,1.0,-0.706,0.375,5998,6,3,0.949,-1.0,0,1.964,0
ETHUSDT,6026,6044,1780442100,1780459200,SHORT,TRAIL,1868.45,1829.21255,1541.47125,1933.84575,0.8870989322700662,0.8728132179843519,0.014285714285714308,15,2.31,32.65,0.315003247456158,0.010290138657372633,2.1965418470952316,base,adaptive disabled,1.15,81.9,90,87,70,80,DEAD_ZONE,bearish,bearish,FVG,BOS bearish | Vol 2.3x | FVG | ChoCH | StrongTrend1h | Zone:FVG | MTF 15 | Risk x1.15,BOS+2 | 1h+2 | 4h+2 | Vol+2 | RSI+1 | BTC+2 | FVG+1 | ChoCH+1 | Zone:FVG+1 | Sess:DEAD_ZONE | Strong1h+1 | TrendPairRisk:1.15,0,0,-1.0,bear,0.2356,0,3.9509,0.0526,2.2249,-1,0.0,0.0312,1.3739,1.294,0.1678,1.986,1.0,-0.0443,1.25,6026,0,1,0.858,-1.0,0,1.164,2
BTCUSDT,6045,6109,1780459200,1780517700,SHORT,TRAIL,66124.3,65326.12868119,59472.87234329,67454.58553134,0.0910007877241665,0.087855276282604,0.0031455114415625037,16,2.35,31.73,0.44060844980686986,0.006182032519673485,1.1185159246378495,base,adaptive disabled,1.25,90.5,90,100,90,80,OFF_HOURS,bearish,bearish,FVG,BOS bearish | Vol 2.4x | FVG | ChoCH | BearWick | StrongTrend1h | Zone:FVG | MTF 16 | Risk x1.25,BOS+2 | BodyStrong+1 | 1h+2 | 4h+2 | Vol+2 | BTC+2 | FVG+1 | ChoCH+1 | BearWick+1 | Zone:FVG+1 | Sess:OFF_HOURS | Strong1h+1 | QualityRisk:1.15 | TrendPairRisk:1.25,0,0,-1.0,range,0.4566,0,3.9722,0.0526,1.9238,-1,0.0,0.9425,1.3582,10.0,-0.2151,1.643,1.0,-0.2877,0.158203125,6044,0,1,2.17,-1.0,0,1.514,4
BTCUSDT,6237,6246,1780632000,1780641000,SHORT,TRAIL,62826.3,62011.79182459,56038.7318716,64183.81362568,0.12900077699940649,0.12509586660865835,0.003904910390748142,16,1.77,33.93,0.782763763698852,0.005800282282096481,1.2692070424189281,base,adaptive disabled,1.15,84.5,90,100,70,80,OFF_HOURS,bearish,bearish,FVG,BOS bearish | Vol 1.8x | FVG | ChoCH | BearWick | StrongTrend1h | Zone:FVG | MTF 16 | Risk x1.15,BOS+2 | BodyStrong+1 | 1h+2 | 4h+2 | Vol+1 | RSI+1 | BTC+2 | FVG+1 | ChoCH+1 | BearWick+1 | Zone:FVG+1 | Sess:OFF_HOURS | Strong1h+1 | TrendPairRisk:1.15,0,0,-1.0,range,0.3612,0,1.9777,0.25,1.5045,-1,0.0,0.6251,2.1859,0.0,-0.1364,2.127,1.0,-0.0606,0.2109375,6233,1,2,1.447,1.365,1,0.561,0
ETHUSDT,6240,6244,1780634700,1780639200,SHORT,TRAIL,1739.2,1712.30491505,1515.07429206,1784.02514159,0.38145097022547997,0.37490352855347253,0.006547441672007454,16,1.57,32.22,0.6524663677130123,0.006382156728752582,1.182654492998517,base,adaptive disabled,1.25,78.5,90,100,50,80,OFF_HOURS,bearish,bearish,FVG,BOS bearish | Vol 1.6x | FVG | ChoCH | Engulfing | BearWick | StrongTrend1h | Zone:FVG | MTF 16 | Risk x1.25,BOS+2 | 1h+2 | 4h+2 | Vol+1 | RSI+1 | BTC+2 | FVG+1 | ChoCH+1 | Engulfing+1 | BearWick+1 | Zone:FVG+1 | Sess:OFF_HOURS | Strong1h+1 | QualityRisk:1.15 | TrendPairRisk:1.25,0,0,-1.0,bear,0.417,1,2.0315,0.1765,2.2072,-1,0.0,0.1062,2.2461,10.0,-0.0815,1.129,1.0,-0.245,0.421875,6235,3,4,1.657,1.173,1,0.797,0
BTCUSDT,6251,6270,1780644600,1780662600,SHORT,TRAIL,62535.2,61603.2288665,54768.77388746,64088.48522251,0.1139878635917156,0.1069109176028541,0.00707694598886151,17,5.45,35.35,0.19846978812451088,0.010453080037256203,2.2276604834280977,base,adaptive disabled,1.15,79.1,90,73,70,80,OFF_HOURS,bearish,bearish,FVG,BOS bearish | Vol 5.5x | FVG | ChoCH | Engulfing | BearWick | StrongTrend1h | Zone:FVG | MTF 17 | Risk x1.15,BOS+2 | 1h+2 | 4h+2 | Vol+2 | RSI+1 | BTC+2 | FVG+1 | ChoCH+1 | Engulfing+1 | BearWick+1 | Zone:FVG+1 | Sess:OFF_HOURS | Strong1h+1 | TrendPairRisk:1.15,0,0,-1.0,bear,0.5665,0,3.601,0.3333,3.3509,-1,0.0,0.4118,1.0453,1.041,-0.3907,3.639,1.0,-0.2211,0.439453125,6246,0,1,0.589,1.702,1,2.004,2
BTCUSDT,6336,6432,1780721100,1780808400,SHORT,SL,59993.4,58902.37380249,50901.51502073,61811.77699585,-0.21481467451000558,-0.21759844439741213,0.002783769887406545,14,2.59,29.42,0.6925769854132906,0.010155833119214268,1.516858597143545,base,adaptive disabled,1.15,84.5,90,100,70,80,OFF_HOURS,bearish,bearish,FVG,BOS bearish | Vol 2.6x | FVG | ChoCH | StrongTrend1h | Zone:FVG | MTF 14 | Risk x1.15,BOS+2 | 1h+2 | 4h+2 | Vol+2 | BTC+2 | FVG+1 | ChoCH+1 | Zone:FVG+1 | Sess:OFF_HOURS | Strong1h+1 | TrendPairRisk:1.15,0,0,-1.0,range,0.2704,3,3.7627,0.0526,2.7596,-1,0.0,1.0249,0.3257,0.0,-0.0735,1.755,1.0,-0.12,0.2109375,6336,0,4,2.444,2.025,1,1.478,2
BTCUSDT,6598,6658,1780956900,1781011800,LONG,SL,63201.0,63656.0472,66993.06,62442.588,-0.19443407120733905,-0.19970750870733908,0.005273437500000023,19,1.38,43.6,0.13122171945701153,0.003933961454433597,1.0144247336793617,base,adaptive disabled,1.15,82.5,90,75,80,80,DEAD_ZONE,bullish,bullish,OB,BOS bullish | Vol 1.4x | FVG | OB | MACD_Div | ChoCH | Engulfing | BullWick | StrongTrend1h | Zone:OB | MTF 19 | Risk x1.15,BOS+2 | BodyStrong+1 | 1h+2 | 4h+2 | Vol+1 | RSI+1 | BTC+2 | FVG+1 | OB+1 | MACD_Div+1 | ChoCH+1 | Engulfing+1 | BullWick+1 | Zone:OB+1 | Sess:DEAD_ZONE | Strong1h+1 | QualityRisk:1.15,0,1,-1.0,bear,0.8587,0,2.3834,0.1765,1.3229,-1,0.0,1.3172,0.7443,0.0,0.1159,0.735,1.0,-0.0437,0.158203125,6598,7,4,1.309,4.097,0,1.885,0
BTCUSDT,6724,6739,1781070300,1781084700,SHORT,TRAIL,61282.5,60802.57059581,57283.08829838,62082.38234032,0.04957760410629287,0.04095848489028182,0.008619119216011044,16,2.27,35.04,0.22201750345463403,0.003317903259257085,1.0723428223831517,base,adaptive disabled,1.25,87.7,90,86,90,80,OFF_HOURS,bearish,bearish,FVG,BOS bearish | Vol 2.3x | FVG | ChoCH | StrongTrend1h | Zone:FVG | MTF 16 | Risk x1.25,BOS+2 | BodyStrong+1 | 1h+2 | 4h+2 | Vol+2 | RSI+1 | BTC+2 | FVG+1 | ChoCH+1 | Zone:FVG+1 | Sess:OFF_HOURS | Strong1h+1 | QualityRisk:1.15 | TrendPairRisk:1.25,0,0,-1.0,bear,0.3081,0,2.4915,0.1111,1.0402,-1,0.0,0.5427,1.6304,0.431,-0.3756,2.204,1.0,-0.5151,0.28125,6722,1,2,0.433,1.99,1,0.742,0
BTCUSDT,6791,6812,1781130600,1781150400,SHORT,SL,61276.8,60631.32869857,55897.87248806,62352.58550239,-0.46505208329265,-0.47346259122373746,0.008410507931087479,13,1.54,35.18,0.6189193738427864,0.0050881432207637465,1.2307781188719487,base,adaptive disabled,1.0,68.0,60,100,50,80,DEAD_ZONE,neutral,bearish,FVG,BOS bearish | Vol 1.5x | FVG | ChoCH | BearWick | Zone:FVG | MTF 13,BOS+2 | 1hN+1 | 4h+2 | Vol+1 | RSI+1 | BTC+2 | FVG+1 | ChoCH+1 | BearWick+1 | Zone:FVG+1 | Sess:DEAD_ZONE,0,0,-1.0,range,0.2467,3,2.7058,0.0526,1.5611,-1,0.0,1.3789,0.3046,0.0,-0.0257,1.77,1.0,-0.4446,0.369140625,6791,1,5,1.782,0.097,1,0.869,2
ETHUSDT,6914,6932,1781241300,1781258400,LONG,TRAIL,1667.75,1679.7578,1767.815,1647.737,0.2948396042572342,0.27608960425723417,0.018750000000000072,19,2.57,44.87,0.2904707233065435,0.0031628323225611275,1.0404470675616386,base,adaptive disabled,1.15,92.3,90,94,100,80,OFF_HOURS,bullish,bullish,OB,BOS bullish | Vol 2.6x | FVG | OB | ChoCH | Engulfing | Discount | StrongTrend1h | Zone:OB | MTF 19 | Risk x1.15,BOS+2 | BodyStrong+1 | 1h+2 | 4h+2 | Vol+2 | RSI+1 | BTC+2 | FVG+1 | OB+1 | ChoCH+1 | Engulfing+1 | Discount+1 | Zone:OB+1 | Sess:OFF_HOURS | Strong1h+1 | QualityRisk:1.15,0,0,-1.0,range,0.5549,0,2.8843,0.1765,2.1825,-1,0.0,0.9094,1.2067,0.0,-0.3156,1.343,-1.0,0.0198,0.5625,6914,15,2,1.924,1.125,1,1.916,0
BTCUSDT,6932,7076,1781257500,1781388000,LONG,TRAIL,63664.9,64327.8065511,69189.12125918,62560.05574816,0.3162026565447439,0.30647870508542474,0.009723951459319164,16,2.26,66.67,0.7707231040564382,0.0030579541822525432,1.4700917518655667,base,adaptive disabled,1.0,90.5,90,100,90,80,LONDON,bullish,bullish,FVG,BOS bullish | Vol 2.3x | FVG | ChoCH | Session:LONDON | StrongTrend1h | Zone:FVG | MTF 16,BOS+2 | BodyStrong+1 | 1h+2 | 4h+2 | Vol+2 | RSI+1 | BTC+2 | FVG+1 | ChoCH+1 | Zone:FVG+1 | Sess:LONDON | Strong1h+1,0,1,-1.0,bear,0.1945,4,4.0672,0.0526,2.1747,-1,0.0,0.6416,1.5705,0.0,0.0477,1.734,1.0,0.2267,0.421875,6932,0,1,1.596,0.273,1,1.3,3
ETHUSDT,6955,7146,1781278200,1781451000,LONG,EXPIRED,1677.88,1697.68598529,1842.9298774,1644.87002452,-0.38420204243059997,-0.39945088744428303,0.015248845013683076,16,2.09,68.85,0.5177242888402639,0.007418236384705614,2.698887794866524,base,adaptive disabled,1.0,82.5,90,90,70,80,NEW_YORK,bullish,bullish,FVG,BOS bullish | Vol 2.1x | FVG | LiqSweep | ChoCH | BullWick | Session:NEW_YORK | StrongTrend1h | Zone:FVG | MTF 16,BOS+2 | 1h+2 | 4h+2 | Vol+2 | BTC+2 | FVG+1 | LiqSweep+1 | ChoCH+1 | BullWick+1 | Zone:FVG+1 | Sess:NEW_YORK | Strong1h+1,0,0,-1.0,range,0.2942,0,5.0044,0.1111,1.9863,-1,0.0,0.761,0.7629,0.0,0.195,1.322,1.0,0.1398,0.75,6954,0,1,0.755,0.552,1,1.2,2
BTCUSDT,7091,7155,1781400600,1781459100,LONG,SL,64567.7,65032.58744,68441.762,63792.8876,-0.21643343924284256,-0.22346468924284257,0.007031250000000043,15,6.78,69.88,0.569246972090562,0.0016916175620916843,1.1312409330578355,base,adaptive disabled,1.15,90.5,90,100,90,80,OFF_HOURS,bullish,bullish,FVG,BOS bullish | Vol 6.8x | FVG | ChoCH | StrongTrend1h | Zone:FVG | MTF 15 | Risk x1.15,BOS+2 | BodyStrong+1 | 1h+2 | 4h+2 | Vol+2 | BTC+2 | FVG+1 | ChoCH+1 | Zone:FVG+1 | Sess:OFF_HOURS | Strong1h+1 | QualityRisk:1.15,0,0,-1.0,range,0.221,2,3.2599,4.0,11.0604,-1,0.0,1.1649,0.082,1.01,0.045,7.226,1.0,0.6619,0.2109375,7091,0,1,0.758,0.867,1,0.938,1
BTCUSDT,7236,7245,1781531100,1781540100,LONG,TRAIL,66356.4,67033.88723447,72002.12695393,65227.25460921,0.2795034214143111,0.27068838299571013,0.008815038418600981,15,1.46,66.56,0.4894141196396896,0.005135346957203445,2.296831216639114,base,adaptive disabled,1.0,82.5,90,90,70,80,NEW_YORK,bullish,bullish,FVG,BOS bullish | Vol 1.5x | FVG | ChoCH | Session:NEW_YORK | StrongTrend1h | Zone:FVG | MTF 15,BOS+2 | BodyStrong+1 | 1h+2 | 4h+2 | Vol+1 | RSI+1 | BTC+2 | FVG+1 | ChoCH+1 | Zone:FVG+1 | Sess:NEW_YORK | Strong1h+1,0,0,-1.0,range,0.3567,0,3.6361,0.1111,1.5692,-1,0.0,0.1461,1.2452,3.713,0.2047,0.659,1.0,0.587,0.375,7236,3,4,0.862,-1.0,0,2.213,7
ETHUSDT,7314,7328,1781601300,1781614800,LONG,TRAIL,1796.42,1823.74460759,2024.12506327,1750.87898735,0.1556289504247545,0.14897240377899168,0.006656546645762816,14,1.61,69.52,0.721641972309934,0.006206658058221841,2.093274626622958,base,adaptive disabled,1.15,76.5,90,90,50,80,LONDON,bullish,bullish,FVG,BOS bullish | Vol 1.6x | FVG | LiqSweep | ChoCH | Session:LONDON | StrongTrend1h | Zone:FVG | MTF 14 | Risk x1.15,BOS+2 | 1h+2 | 4h+2 | Vol+1 | BTC+2 | FVG+1 | LiqSweep+1 | ChoCH+1 | Zone:FVG+1 | Sess:LONDON | Strong1h+1 | RelStrengthRisk:1.15,0,1,-1.0,bear,0.1837,0,5.4374,0.1111,3.6092,-1,0.0,0.2361,1.4851,0.0,0.179,1.47,1.0,0.5049,0.421875,7314,0,3,2.682,7.517,0,1.094,7
ETHUSDT,7331,7407,1781616600,1781685900,LONG,SL,1794.55,1813.90131559,1955.81096324,1762.29780735,-1.3293669818135643,-1.3571875709355878,0.027820589122023728,16,1.94,55.76,0.13384553174281894,0.010517522634665063,3.431509388563403,base,adaptive disabled,1.25,78.7,90,56,80,80,NEW_YORK,bullish,bullish,OB,BOS bullish | Vol 1.9x | FVG | OB | ChoCH | BullWick | Session:NEW_YORK | StrongTrend1h | Zone:OB | MTF 16 | Risk x1.25,BOS+2 | BodyStrong+1 | 1h+2 | 4h+2 | Vol+1 | RSI+1 | BTCok+1 | FVG+1 | OB+1 | ChoCH+1 | BullWick+1 | Zone:OB+1 | Sess:NEW_YORK | Strong1h+1 | QualityRisk:1.15 | RelStrengthRisk:1.25,0,0,-1.0,range,0.7383,0,4.8984,0.25,2.4904,-1,0.0,1.1066,0.6656,0.372,0.0212,0.79,-1.0,-0.0419,1.25,7330,7,4,0.278,0.462,1,0.785,0
BTCUSDT,7453,7532,1781726400,1781798400,SHORT,TRAIL,64207.9,62859.5341,52971.5175,66455.1765,0.28352444058396964,0.27870301201254105,0.004821428571428571,15,1.48,35.26,0.4438089100136952,0.009271044248130226,2.7029953804881686,base,adaptive disabled,1.0,73.8,65,90,70,80,DEAD_ZONE,bearish,neutral,FVG,BOS bearish | Vol 1.5x | FVG | LiqSweep | ChoCH | StrongTrend1h | Zone:FVG | MTF 15,BOS+2 | BodyStrong+1 | 1h+2 | 4hN+1 | Vol+1 | RSI+1 | BTC+2 | FVG+1 | LiqSweep+1 | ChoCH+1 | Zone:FVG+1 | Sess:DEAD_ZONE | Strong1h+1,0,0,-1.0,bear,0.102,0,4.4938,0.0526,1.5048,-1,0.0,0.222,1.5225,0.0,0.0589,2.678,-1.0,0.1119,0.421875,7453,0,2,0.886,0.082,1,0.553,4
BTCUSDT,7854,7858,1782087300,1782091800,SHORT,SL,63544.7,63069.71438362,59586.48653019,64336.34269396,-0.5129800073927273,-0.5265254720408754,0.013545464648148117,15,1.57,36.0,0.3967134130603117,0.003927776802319074,1.884556136217419,base,adaptive disabled,1.15,73.2,55,90,80,80,OFF_HOURS,bearish,neutral,OB,BOS bearish | Vol 1.6x | FVG | OB | ChoCH | BearWick | Zone:OB | MTF 15 | Risk x1.15,BOS+2 | BodyStrong+1 | 1h+2 | 4hN+1 | Vol+1 | RSI+1 | BTC+2 | FVG+1 | OB+1 | ChoCH+1 | BearWick+1 | Zone:OB+1 | Sess:OFF_HOURS | QualityRisk:1.15,0,0,-1.0,bear,0.4031,0,3.234,0.1111,1.1594,-1,0.0,1.4341,0.396,1.445,-0.1874,1.043,1.0,-0.3639,0.421875,7854,5,2,0.342,0.167,1,1.506,0
BTCUSDT,8091,8097,1782300600,1782306900,SHORT,TP1,62328.3,61879.53624,58588.602,63076.2396,0.0,-0.009375000000000027,0.009375000000000027,16,3.02,32.11,0.6259124087591371,0.0023281344766090434,1.1988165167044074,base,adaptive disabled,1.25,90.5,90,100,90,80,OVERLAP,bearish,bearish,FVG,BOS bearish | Vol 3.0x | FVG | ChoCH | Session:OVERLAP | StrongTrend1h | Zone:FVG | MTF 16 | Risk x1.25,BOS+2 | BodyStrong+1 | 1h+2 | 4h+2 | Vol+2 | RSI+1 | BTC+2 | FVG+1 | ChoCH+1 | Zone:FVG+1 | Sess:OVERLAP | Strong1h+1 | QualityRisk:1.15 | TrendPairRisk:1.25,0,0,-1.0,range,0.2738,0,2.9168,0.1111,1.6708,-1,0.0,1.0114,1.0611,5.339,0.0064,2.337,1.0,-0.3663,0.28125,8090,0,3,1.937,1.512,1,0.691,2
BTCUSDT,8186,8196,1782386100,1782396000,SHORT,TRAIL,61260.5,60812.47958117,57526.99650973,62007.20069805,0.98224832215623,0.9640773955853553,0.018170926570874768,15,2.96,37.48,0.7136952328465114,0.003351229669596925,1.4448753249378081,base,adaptive disabled,1.0,80.0,60,100,90,80,LONDON,neutral,bearish,FVG,BOS bearish | Vol 3.0x | FVG | MACD_Div | ChoCH | Session:LONDON | Zone:FVG | MTF 15,BOS+2 | BodyStrong+1 | 1hN+1 | 4h+2 | Vol+2 | RSI+1 | BTC+2 | FVG+1 | MACD_Div+1 | ChoCH+1 | Zone:FVG+1 | Sess:LONDON,0,0,-1.0,range,0.3643,0,4.7058,0.0526,1.4294,-1,0.0,0.5512,7.3952,0.0,-0.333,2.566,1.0,-0.6074,0.5537109375,8185,0,2,2.25,3.656,0,1.996,5
BTCUSDT,8244,8245,1782438300,1782440100,SHORT,TP1,59245.5,58566.06086608,53583.50721732,60377.89855654,0.0,-0.004414381344474475,0.004414381344474475,15,1.81,38.21,0.544274493592396,0.004666755133929837,1.1165310330760427,base,adaptive disabled,1.25,78.5,90,100,50,80,OFF_HOURS,bearish,bearish,FVG,BOS bearish | Vol 1.8x | FVG | ChoCH | Engulfing | StrongTrend1h | Zone:FVG | MTF 15 | Risk x1.25,BOS+2 | 1h+2 | 4h+2 | Vol+1 | RSI+1 | BTC+2 | FVG+1 | ChoCH+1 | Engulfing+1 | Zone:FVG+1 | Sess:OFF_HOURS | Strong1h+1 | QualityRisk:1.15 | TrendPairRisk:1.25,0,0,-1.0,range,0.1448,4,2.746,0.0526,1.7975,-1,0.0,0.0643,1.1411,0.0,-0.3615,2.952,1.0,-0.4857,0.2109375,8244,0,3,1.778,0.73,1,0.615,3
BTCUSDT,8287,8291,1782477000,1782481500,SHORT,TRAIL,59602.9,58818.26168832,53064.24740266,60910.63051947,0.4058749047281659,0.39391084866534576,0.011964056062820135,19,1.48,38.68,0.6219818260493369,0.005765020342589602,1.5660705238045107,base,adaptive disabled,1.25,87.5,90,100,80,80,OVERLAP,bearish,bearish,OB,BOS bearish | Vol 1.5x | FVG | OB | ChoCH | Engulfing | Session:OVERLAP | StrongTrend1h | Zone:OB | MTF 19 | Risk x1.25,BOS+2 | BodyStrong+1 | 1h+2 | 4h+2 | Vol+1 | RSI+1 | BTC+2 | FVG+1 | OB+1 | ChoCH+1 | Engulfing+1 | Zone:OB+1 | Sess:OVERLAP | Strong1h+1 | NestedOB_1h+2 | QualityRisk:1.15 | TrendPairRisk:1.25,0,1,-1.0,bull,0.3193,0,1.7589,0.5385,0.8037,-1,0.0,0.2271,1.5491,0.0,-0.1975,1.139,1.0,-0.2411,0.65625,8282,4,2,0.833,1.383,1,0.999,0
ETHUSDT,8291,8299,1782480600,1782488700,SHORT,SL,1541.18,1516.9744198,1339.46683165,1581.52263367,-1.0071231425382532,-1.022404048714154,0.01528090617590066,15,1.95,34.47,0.3373189238905494,0.008845929790001492,1.8793945460865982,base,adaptive disabled,1.15,76.5,90,90,50,80,NEW_YORK,bearish,bearish,FVG,BOS bearish | Vol 1.9x | FVG | ChoCH | Engulfing | Session:NEW_YORK | StrongTrend1h | Zone:FVG | MTF 15 | Risk x1.15,BOS+2 | 1h+2 | 4h+2 | Vol+1 | RSI+1 | BTC+2 | FVG+1 | ChoCH+1 | Engulfing+1 | Zone:FVG+1 | Sess:NEW_YORK | Strong1h+1 | TrendPairRisk:1.15,0,0,-1.0,range,0.4432,2,3.8805,0.0526,1.9263,-1,0.0,1.0733,0.6647,0.596,-0.0937,1.392,1.0,-0.4904,1.0,8291,2,3,1.111,0.346,1,1.401,1
ETHUSDT,8455,8521,1782628200,1782688500,SHORT,TRAIL,1563.15,1551.89532,1469.361,1581.9078,0.33256165435179647,0.31381165435179637,0.01875000000000014,16,1.5,37.81,0.40364931019136296,0.0022904816247041847,1.0582763971173978,base,adaptive disabled,1.25,84.5,90,100,70,80,OFF_HOURS,bearish,bearish,FVG,BOS bearish | Vol 1.5x | FVG | ChoCH | Engulfing | StrongTrend1h | Zone:FVG | MTF 16 | Risk x1.25,BOS+2 | BodyStrong+1 | 1h+2 | 4h+2 | Vol+1 | RSI+1 | BTC+2 | FVG+1 | ChoCH+1 | Engulfing+1 | Zone:FVG+1 | Sess:OFF_HOURS | Strong1h+1 | QualityRisk:1.15 | TrendPairRisk:1.25,0,0,-1.0,bear,0.2345,0,2.8996,0.0526,1.4575,-1,0.0,1.1856,1.4785,10.0,-0.0423,1.421,-1.0,0.0135,0.5625,8455,0,4,0.954,0.889,1,1.059,1
BTCUSDT,8457,8495,1782630000,1782665100,SHORT,TRAIL,60052.9,59620.51912,56449.726,60773.5348,0.2593319025808942,0.2429256525808942,0.016406250000000008,16,2.87,37.06,0.6092921163343785,0.0032512872997675795,1.9577611888518192,base,adaptive disabled,1.15,81.0,60,90,100,80,OFF_HOURS,neutral,bearish,OB,BOS bearish | Vol 2.9x | FVG | OB | ChoCH | Engulfing | Zone:OB | MTF 16 | Risk x1.15,BOS+2 | BodyStrong+1 | 1hN+1 | 4h+2 | Vol+2 | RSI+1 | BTC+2 | FVG+1 | OB+1 | ChoCH+1 | Engulfing+1 | Zone:OB+1 | Sess:OFF_HOURS | QualityRisk:1.15,0,0,-1.0,range,0.7432,0,1.9617,0.5385,4.9069,-1,0.0,0.5037,1.3347,0.0,0.1106,2.225,1.0,-0.3389,0.4921875,8452,4,2,1.121,0.662,1,0.568,0
BTCUSDT,8583,8673,1782743400,1782825300,SHORT,TRAIL,59496.0,58577.0156963,51837.79746917,61027.64050617,0.3645576985208368,0.3573881340778335,0.0071695644430033005,16,2.86,35.08,0.24308651597817524,0.009351878892511817,2.6993896894897302,base,adaptive disabled,1.0,75.8,60,79,90,80,NEW_YORK,neutral,bearish,FVG,BOS bearish | Vol 2.9x | FVG | LiqSweep | ChoCH | BearWick | Session:NEW_YORK | Zone:FVG | MTF 16,BOS+2 | BodyStrong+1 | 1hN+1 | 4h+2 | Vol+2 | RSI+1 | BTC+2 | FVG+1 | LiqSweep+1 | ChoCH+1 | BearWick+1 | Zone:FVG+1 | Sess:NEW_YORK,0,0,-1.0,range,0.3418,0,3.884,0.0526,1.6241,-1,0.0,0.6934,1.4048,10.0,-0.1781,2.029,1.0,-0.0717,0.46142578125,8582,1,2,1.381,0.5,1,1.571,1
BTCUSDT,8723,8734,1782869400,1782880200,SHORT,SL,58466.5,58045.5412,54958.51,59168.098,-0.21418515303635519,-0.2212164030363552,0.007031250000000019,17,9.9,33.15,0.46548517667650946,0.006317733642923134,2.1738639268707804,base,adaptive disabled,1.15,88.5,90,90,90,80,OFF_HOURS,bearish,bearish,FVG,BOS bearish | Vol 9.9x | FVG | ChoCH | Engulfing | StrongTrend1h | Zone:FVG | MTF 17 | Risk x1.15,BOS+2 | BodyStrong+1 | 1h+2 | 4h+2 | Vol+2 | RSI+1 | BTC+2 | FVG+1 | ChoCH+1 | Engulfing+1 | Zone:FVG+1 | Sess:OFF_HOURS | Strong1h+1 | TrendPairRisk:1.15,0,0,-1.0,range,0.7705,0,4.5787,0.1111,6.3467,-1,0.0,1.132,0.5651,1.54,-0.233,2.626,1.0,-0.5743,0.2109375,8722,2,3,1.685,0.54,1,1.763,1
BTCUSDT,8770,8773,1782911700,1782915300,SHORT,SL,58706.3,57700.0,55183.922,59410.7756,-0.9843749999999967,-1.0062499999999968,0.021875000000000065,15,1.34,36.03,0.4799947180773783,0.0035906731246565793,1.1928086434398324,base,adaptive disabled,1.25,84.5,90,100,70,80,OVERLAP,bearish,bearish,FVG,BOS bearish | Vol 1.3x | FVG | ChoCH | Session:OVERLAP | StrongTrend1h | Zone:FVG | MTF 15 | Risk x1.25,BOS+2 | BodyStrong+1 | 1h+2 | 4h+2 | Vol+1 | RSI+1 | BTC+2 | FVG+1 | ChoCH+1 | Zone:FVG+1 | Sess:OVERLAP | Strong1h+1 | QualityRisk:1.15 | TrendPairRisk:1.25,0,0,-1.0,bear,0.6153,0,2.6934,0.1111,3.0255,-1,0.0,1.6661,0.1943,0.0,-0.1867,1.098,1.0,-0.4358,0.65625,8768,9,2,0.581,1.418,1,1.572,0
ETHUSDT,8807,8815,1782945000,1782953100,LONG,SL,1624.47,1640.95920845,1761.88007042,1596.98798592,-0.5997104124909893,-0.6130102291978731,0.013299816706883807,14,3.28,69.95,0.6610324349017799,0.005649039865963071,1.4849902065862777,base,adaptive disabled,1.0,84.5,90,100,70,80,DEAD_ZONE,bullish,bullish,FVG,BOS bullish | Vol 3.3x | FVG | ChoCH | StrongTrend1h | Zone:FVG | MTF 14,BOS+2 | 1h+2 | 4h+2 | Vol+2 | BTC+2 | FVG+1 | ChoCH+1 | Zone:FVG+1 | Sess:DEAD_ZONE | Strong1h+1,0,1,-1.0,bear,0.5201,0,3.8703,0.0526,2.1521,-1,0.0,1.1062,0.1953,3.547,0.1578,1.449,1.0,0.0866,0.5625,8805,0,2,1.261,0.506,1,2.556,0
ETHUSDT,8935,8944,1783060200,1783069200,LONG,TRAIL,1711.23,1726.50452873,1838.51773946,1685.77245211,0.48551416080631626,0.4653484715491174,0.02016568925719883,15,2.22,61.7,0.5463669209152993,0.004664645276244159,1.4617325576371663,base,adaptive disabled,1.0,84.5,90,100,70,80,OFF_HOURS,bullish,bullish,FVG,BOS bullish | Vol 2.2x | FVG | ChoCH | StrongTrend1h | Zone:FVG | MTF 15,BOS+2 | 1h+2 | 4h+2 | Vol+2 | RSI+1 | BTC+2 | FVG+1 | ChoCH+1 | Zone:FVG+1 | Sess:OFF_HOURS | Strong1h+1,0,0,-1.0,range,0.2966,0,3.0316,0.25,5.2812,-1,0.0,0.0534,1.3493,0.0,-0.0643,1.89,1.0,0.3796,0.75,8934,1,2,0.859,0.265,1,0.852,1
BTCUSDT,8945,8952,1783069200,1783076400,LONG,TRAIL,61540.9,61983.99448,65233.354,60802.4092,0.15698401388344885,0.14760901388344885,0.009375000000000005,15,1.53,47.12,0.1719828147376628,0.0032667542736169552,1.502555817531739,base,adaptive disabled,1.0,80.5,90,80,70,80,LONDON,bullish,bullish,FVG,BOS bullish | Vol 1.5x | FVG | ChoCH | Engulfing | Session:LONDON | StrongTrend1h | Zone:FVG | MTF 15,BOS+2 | BodyStrong+1 | 1h+2 | 4h+2 | Vol+1 | RSI+1 | BTCok+1 | FVG+1 | ChoCH+1 | Engulfing+1 | Zone:FVG+1 | Sess:LONDON | Strong1h+1,0,0,-1.0,bull,0.5114,0,2.3524,0.1111,1.2875,-1,0.0,0.1299,1.0131,0.0,-0.1054,0.716,1.0,0.2293,0.28125,8945,13,1,1.768,0.903,1,2.138,2
ETHUSDT,8953,8992,1783076400,1783112400,LONG,TRAIL,1739.09,1761.38745281,1924.90210674,1701.92757865,0.9667023486347758,0.9386241459210012,0.028078202713774515,16,2.13,66.63,0.3340323547034123,0.005365466958420727,1.6259560715689447,base,adaptive disabled,1.15,90.5,90,100,90,80,LONDON,bullish,bullish,FVG,BOS bullish | Vol 2.1x | FVG | ChoCH | Session:LONDON | StrongTrend1h | Zone:FVG | MTF 16 | Risk x1.15,BOS+2 | BodyStrong+1 | 1h+2 | 4h+2 | Vol+2 | RSI+1 | BTC+2 | FVG+1 | ChoCH+1 | Zone:FVG+1 | Sess:LONDON | Strong1h+1 | RelStrengthRisk:1.15,0,0,-1.0,bull,0.1935,0,3.5241,0.0526,2.059,-1,0.0,0.3789,1.4401,4.373,-0.081,2.409,1.0,0.1562,1.5,8953,0,2,0.917,-1.0,0,0.883,4
BTCUSDT,8959,8970,1783081800,1783092600,LONG,TRAIL,61819.1,62264.19752,65528.246,61077.2708,0.11036485891900667,0.10098985891900666,0.009374999999999998,16,5.73,65.12,0.5018094089264203,0.002903457156352434,1.275717422900224,base,adaptive disabled,1.0,90.5,90,100,90,80,OVERLAP,bullish,bullish,FVG,BOS bullish | Vol 5.7x | FVG | ChoCH | Session:OVERLAP | StrongTrend1h | Zone:FVG | MTF 16,BOS+2 | BodyStrong+1 | 1h+2 | 4h+2 | Vol+2 | RSI+1 | BTC+2 | FVG+1 | ChoCH+1 | Zone:FVG+1 | Sess:OVERLAP | Strong1h+1,0,0,-1.0,range,0.434,0,2.0111,0.1111,4.4505,-1,0.0,0.2679,1.1404,0.0,0.2818,5.249,1.0,0.4448,0.28125,8958,5,6,1.53,0.404,1,1.571,2
ETHUSDT,9137,9162,1783242000,1783265400,LONG,TRAIL,1763.51,1776.207272,1869.3206,1742.34788,0.760793342065915,0.6941266753992482,0.0666666666666668,14,3.45,52.73,0.3992932862190739,0.003206719251052415,1.2920236262405536,base,adaptive disabled,1.15,74.0,60,100,70,80,LONDON,neutral,bullish,FVG,BOS bullish | Vol 3.5x | FVG | ChoCH | Discount | Session:LONDON | Zone:FVG | MTF 14 | Risk x1.15,BOS+2 | 1hN+1 | 4h+2 | Vol+2 | RSI+1 | BTC+2 | FVG+1 | ChoCH+1 | Discount+1 | Zone:FVG+1 | Sess:LONDON | QualityRisk:1.15,0,0,-1.0,range,0.5044,0,2.07,0.25,1.3034,-1,0.0,0.8213,1.1908,0.0,0.0187,2.619,-1.0,-0.0588,2.0,9134,1,1,0.16,1.384,1,0.706,1
ETHUSDT,9198,9235,1783296900,1783331100,LONG,SL,1775.63,1804.27,1882.1678,1754.32244,-1.266569236458794,-1.30823590312546,0.0416666666666663,16,2.45,59.99,0.28832752613240537,0.007255029750655604,3.0350207790244013,base,adaptive disabled,1.15,79.3,90,74,70,80,DEAD_ZONE,bullish,bullish,FVG,BOS bullish | Vol 2.5x | FVG | ChoCH | BullWick | StrongTrend1h | Zone:FVG | MTF 16 | Risk x1.15,BOS+2 | 1h+2 | 4h+2 | Vol+2 | RSI+1 | BTC+2 | FVG+1 | ChoCH+1 | BullWick+1 | Zone:FVG+1 | Sess:DEAD_ZONE | Strong1h+1 | QualityRisk:1.15,0,0,-1.0,range,0.7665,1,3.1035,0.5385,1.1515,-1,0.0,1.0621,0.7186,0.0,0.1351,2.978,1.0,0.4061,1.25,9193,5,4,0.608,2.34,1,1.187,0
ETHUSDT,9283,9306,1783373400,1783395000,LONG,SL,1810.84,1833.07474942,1996.12957846,1773.78208431,-0.9896671012691822,-1.0079915263577537,0.018324425088571485,16,3.1,67.93,0.4073929200078209,0.009852526196558256,2.4747804686119714,base,adaptive disabled,1.0,88.5,90,90,90,80,DEAD_ZONE,bullish,bullish,FVG,BOS bullish | Vol 3.1x | FVG | ChoCH | StrongTrend1h | Zone:FVG | MTF 16,BOS+2 | BodyStrong+1 | 1h+2 | 4h+2 | Vol+2 | RSI+1 | BTC+2 | FVG+1 | ChoCH+1 | Zone:FVG+1 | Sess:DEAD_ZONE | Strong1h+1,0,0,-1.0,range,0.4408,0,4.9652,0.1111,7.008,-1,0.0,1.0764,0.2991,4.158,-0.1012,3.935,1.0,0.2626,0.9375,9283,0,1,1.499,-1.0,0,0.789,4
BTCUSDT,9343,9361,1783427400,1783444500,LONG,TRAIL,63579.1,64074.16946064,67704.67883866,62753.98423227,0.33634058725904237,0.309792813414969,0.026547773844073363,14,1.38,63.58,0.4075163098410354,0.0043973011631164545,1.766716565917199,base,adaptive disabled,1.0,74.0,60,100,70,80,OVERLAP,neutral,bullish,FVG,BOS bullish | Vol 1.4x | FVG | LiqSweep | ChoCH | Session:OVERLAP | Zone:FVG | MTF 14,BOS+2 | BodyStrong+1 | 1hN+1 | 4h+2 | Vol+1 | RSI+1 | BTC+2 | FVG+1 | LiqSweep+1 | ChoCH+1 | Zone:FVG+1 | Sess:OVERLAP,0,0,-1.0,bull,0.2494,0,4.4042,0.1111,3.0954,-1,0.0,1.2957,1.175,10.0,0.1069,1.649,1.0,0.2469,0.861328125,9343,0,1,1.064,1.545,1,0.839,4
ETHUSDT,9343,9359,1783427400,1783442700,LONG,TRAIL,1785.42,1800.83856774,1913.90806446,1759.72238711,1.1074958643755939,1.0519134254107738,0.05558243896481997,15,2.28,66.02,0.4872563718140959,0.004689169234720031,1.4890381273092035,base,adaptive disabled,1.0,74.0,60,100,70,80,OVERLAP,neutral,bullish,FVG,BOS bullish | Vol 2.3x | FVG | ChoCH | Engulfing | BullWick | Session:OVERLAP | Zone:FVG | MTF 15,BOS+2 | 1hN+1 | 4h+2 | Vol+2 | RSI+1 | BTC+2 | FVG+1 | ChoCH+1 | Engulfing+1 | BullWick+1 | Zone:FVG+1 | Sess:OVERLAP,0,0,-1.0,bull,0.2484,0,3.8642,0.0526,2.1948,-1,0.0,1.0522,1.1759,0.0,0.1018,2.091,-1.0,-0.1244,2.0,9343,0,1,1.163,2.346,1,1.093,1
ETHUSDT,9535,9588,1783600200,1783648800,SHORT,SL,1741.15,1726.84267929,1621.92232745,1764.99553451,-1.3512750148874773,-1.3896093935786598,0.03833437869118266,16,4.07,39.9,0.32018316308558953,0.002391787964542998,0.7432224836821412,base,adaptive disabled,1.0,77.6,60,88,90,80,OVERLAP,neutral,bearish,FVG,BOS bearish | Vol 4.1x | FVG | ChoCH | Session:OVERLAP | Zone:FVG | MTF 16,BOS+2 | BodyStrong+1 | 1hN+1 | 4h+2 | Vol+2 | RSI+1 | BTC+2 | FVG+1 | ChoCH+1 | Zone:FVG+1 | Sess:OVERLAP | NestedOB_1h+2,0,0,-1.0,bear,0.2124,0,1.7988,0.1111,2.9274,-1,0.0,1.4204,0.8255,2.149,-0.2134,3.297,1.0,-0.5502,1.3125,9534,2,5,1.7,2.238,1,0.861,1
BTCUSDT,9736,9876,1783781100,1783908000,LONG,SL,64304.7,64767.69384,68162.982,63533.0436,-0.19484870468254928,-0.20012214218254928,0.005273437500000001,15,3.89,70.68,0.5340401785714305,0.0017205610240480498,1.9224541725039839,base,adaptive disabled,1.0,82.5,90,90,70,80,NEW_YORK,bullish,bullish,FVG,BOS bullish | Vol 3.9x | FVG | ChoCH | Engulfing | Session:NEW_YORK | StrongTrend1h | Zone:FVG | MTF 15,BOS+2 | 1h+2 | 4h+2 | Vol+2 | BTC+2 | FVG+1 | ChoCH+1 | Engulfing+1 | Zone:FVG+1 | Sess:NEW_YORK | Strong1h+1,0,0,-1.0,bull,0.3239,3,5.0184,0.0526,3.8816,-1,0.0,1.2372,0.2019,7.305,-0.0112,2.136,1.0,0.3521,0.158203125,9736,0,4,2.669,1.569,1,1.82,2
ETHUSDT,9740,9744,1783784700,1783789200,LONG,TRAIL,1808.2,1821.21904,1916.692,1786.5016,0.2671855989381713,0.24218559893817126,0.02500000000000001,15,4.03,68.58,0.4974782209995438,0.004095279303218016,2.944931728061452,base,adaptive disabled,1.0,88.5,90,90,90,80,NEW_YORK,bullish,bullish,FVG,BOS bullish | Vol 4.0x | FVG | ChoCH | Session:NEW_YORK | StrongTrend1h | Zone:FVG | MTF 15,BOS+2 | BodyStrong+1 | 1h+2 | 4h+2 | Vol+2 | BTC+2 | FVG+1 | ChoCH+1 | Zone:FVG+1 | Sess:NEW_YORK | Strong1h+1,0,0,-1.0,bull,0.5723,0,7.4337,0.1765,5.4588,-1,0.0,0.1042,1.0231,2.416,-0.0838,3.256,1.0,0.3951,0.75,9737,0,1,0.73,0.694,1,3.565,2
ETHUSDT,9871,9881,1783902600,1783912500,LONG,SL,1829.24,1854.27064289,2037.82869072,1787.52226186,-1.651725454739625,-1.6805007144617956,0.028775259722170588,17,2.01,63.71,0.304928457869636,0.010547175260401094,4.893727884470259,base,adaptive disabled,1.0,75.2,60,76,90,80,OFF_HOURS,neutral,bullish,FVG,BOS bullish | Vol 2.0x | FVG | LiqSweep | ChoCH | Engulfing | Zone:FVG | MTF 17,BOS+2 | BodyStrong+1 | 1hN+1 | 4h+2 | Vol+2 | RSI+1 | BTCok+1 | FVG+1 | LiqSweep+1 | ChoCH+1 | Engulfing+1 | Zone:FVG+1 | Sess:OFF_HOURS | NestedOB_1h+2,0,1,-1.0,bear,0.3059,0,5.8223,0.1111,6.7744,-1,0.0,1.118,0.0659,0.0,0.0118,1.321,-1.0,-0.1215,1.640625,9871,0,1,0.964,0.288,1,1.52,1
ETHUSDT,10062,10112,1784074500,1784120400,LONG,TRAIL,1878.92,1892.448224,1991.6552,1856.37296,0.49141705518772544,0.45808372185439233,0.03333333333333311,16,3.37,64.98,0.3582222222222174,0.0056615173313378985,1.7104442949266379,base,adaptive disabled,1.0,90.5,90,100,90,80,DEAD_ZONE,bullish,bullish,FVG,BOS bullish | Vol 3.4x | FVG | ChoCH | StrongTrend1h | Zone:FVG | MTF 16,BOS+2 | BodyStrong+1 | 1h+2 | 4h+2 | Vol+2 | RSI+1 | BTC+2 | FVG+1 | ChoCH+1 | Zone:FVG+1 | Sess:DEAD_ZONE | Strong1h+1,0,1,-1.0,bear,0.6252,0,2.2115,0.5385,2.7982,-1,0.0,0.7628,3.5104,3.766,-0.0262,2.297,1.0,0.5209,1.0,10058,2,3,1.027,0.351,1,0.898,2
BTCUSDT,10088,10114,1784097900,1784122200,LONG,TRAIL,64790.6,65257.09232,68678.036,64013.1128,0.13559909732276126,0.12856784732276122,0.007031250000000038,16,1.74,64.48,0.43840710087561624,0.0029212811568646753,1.5818052406864327,base,adaptive disabled,1.0,84.5,90,100,70,80,OFF_HOURS,bullish,bullish,FVG,BOS bullish | Vol 1.7x | FVG | ChoCH | BullWick | StrongTrend1h | Zone:FVG | MTF 16,BOS+2 | BodyStrong+1 | 1h+2 | 4h+2 | Vol+1 | RSI+1 | BTC+2 | FVG+1 | ChoCH+1 | BullWick+1 | Zone:FVG+1 | Sess:OFF_HOURS | Strong1h+1,0,0,-1.0,range,0.5153,1,4.5571,0.0526,6.212,-1,0.0,0.4945,1.4487,0.0,-0.1264,1.331,1.0,0.1827,0.2109375,10086,0,1,1.224,0.855,1,2.216,0
BTCUSDT,10116,10187,1784123100,1784187900,LONG,SL,65051.9,65520.27368,68955.014,64271.2772,-0.18111965575755645,-0.18639309325755643,0.005273437499999969,16,8.72,71.77,0.6875975039001613,0.005373157929661809,2.7281440288781673,base,adaptive disabled,1.0,88.5,90,90,90,80,NEW_YORK,bullish,bullish,FVG,BOS bullish | Vol 8.7x | FVG | ChoCH | Engulfing | Session:NEW_YORK | StrongTrend1h | Zone:FVG | MTF 16,BOS+2 | BodyStrong+1 | 1h+2 | 4h+2 | Vol+2 | BTC+2 | FVG+1 | ChoCH+1 | Engulfing+1 | Zone:FVG+1 | Sess:NEW_YORK | Strong1h+1,0,1,-1.0,bear,0.4346,0,5.6152,0.1111,3.5392,-1,0.0,1.3428,0.914,9.517,0.3046,5.012,1.0,0.5733,0.158203125,10114,0,1,2.672,-1.0,0,1.573,0
ETHUSDT,10170,10189,1784171700,1784189700,LONG,SL,1921.1,1934.93192,2036.366,1898.0468,-1.125,-1.1500000000000004,0.025000000000000182,15,4.32,58.17,0.7037037037037102,0.0021255482719631036,0.7600731472213582,base,adaptive disabled,1.15,82.5,90,90,70,80,OFF_HOURS,bullish,bullish,FVG,BOS bullish | Vol 4.3x | FVG | MACD_Div | ChoCH | StrongTrend1h | Zone:FVG | MTF 15 | Risk x1.15,BOS+2 | 1h+2 | 4h+2 | Vol+2 | RSI+1 | BTCok+1 | FVG+1 | MACD_Div+1 | ChoCH+1 | Zone:FVG+1 | Sess:OFF_HOURS | Strong1h+1 | QualityRisk:1.15,0,0,-1.0,range,0.2529,2,2.165,0.0526,4.641,-1,0.0,1.6956,0.3745,0.0,-0.156,4.636,1.0,0.3356,0.75,10170,0,1,0.149,3.444,0,0.932,1
BTCUSDT,10283,10328,1784273400,1784314800,SHORT,SL,62915.8,62184.2182061,56819.28505087,64135.10298983,-0.32852401399905623,-0.3350546146815086,0.006530600682452393,13,1.94,28.75,0.6037459760023407,0.003553886791804846,1.72209462598632,base,adaptive disabled,1.0,75.8,65,100,70,80,OFF_HOURS,bearish,neutral,FVG,BOS bearish | Vol 1.9x | FVG | ChoCH | StrongTrend1h | Zone:FVG | MTF 13,BOS+2 | BodyStrong+1 | 1h+2 | 4hN+1 | Vol+1 | BTC+2 | FVG+1 | ChoCH+1 | Zone:FVG+1 | Sess:OFF_HOURS | Strong1h+1,0,0,-1.0,bear,0.2737,0,1.7256,0.3333,1.0666,-1,0.0,1.1417,0.6456,1.575,-0.3364,1.316,1.0,-0.4694,0.31640625,10279,2,4,2.188,2.798,1,0.806,1
ETHUSDT,10406,10453,1784384100,1784427300,SHORT,SL,1842.85,1819.2,1732.279,1864.9642,-1.5466871964620132,-1.5904371964620134,0.04375000000000004,15,2.57,38.35,0.2973267866884888,0.0027878747444019234,2.1774483056636824,base,adaptive disabled,1.0,77.0,60,85,90,80,NEW_YORK,neutral,bearish,FVG,BOS bearish | Vol 2.6x | FVG | ChoCH | Engulfing | BearWick | Session:NEW_YORK | Zone:FVG | MTF 15,BOS+2 | BodyStrong+1 | 1hN+1 | 4h+2 | Vol+2 | RSI+1 | BTCok+1 | FVG+1 | ChoCH+1 | Engulfing+1 | BearWick+1 | Zone:FVG+1 | Sess:NEW_YORK,0,1,-1.0,bull,0.5618,0,3.4379,0.25,0.9491,-1,0.0,1.2987,0.1569,0.0,-0.3674,1.082,-1.0,0.132,1.3125,10402,2,3,1.584,1.325,1,0.82,0
BTCUSDT,10515,10543,1784482200,1784508300,LONG,TRAIL,64570.9,65035.81048,68445.154,63796.0492,0.1639458767416892,0.1475396267416892,0.01640625,14,1.31,56.12,0.12340896513558686,0.0029441177508343574,2.0099507462288786,base,adaptive disabled,1.15,60.8,60,64,50,80,OFF_HOURS,neutral,bullish,FVG,BOS bullish | Vol 1.3x | FVG | LiqSweep | ChoCH | Engulfing | BullWick | Zone:FVG | MTF 14 | Risk x1.15,BOS+2 | 1hN+1 | 4h+2 | Vol+1 | RSI+1 | BTCok+1 | FVG+1 | LiqSweep+1 | ChoCH+1 | Engulfing+1 | BullWick+1 | Zone:FVG+1 | Sess:OFF_HOURS | QualityRisk:1.15,0,0,-1.0,bull,0.3021,0,3.1807,0.0526,1.3287,-1,0.0,0.445,1.0475,0.235,0.1907,1.044,1.0,0.2205,0.4921875,10515,0,1,0.036,1.848,1,1.255,1
ETHUSDT,10543,10567,1784507400,1784529900,LONG,SL,1874.32,1890.05074469,2005.4095391,1848.10209218,-1.063675406194177,-1.091824620275898,0.0281492140817208,15,1.43,59.73,0.35831285831285725,0.007619767214394005,3.0772124112917183,base,adaptive disabled,1.15,70.0,60,80,70,80,OFF_HOURS,neutral,bullish,FVG,BOS bullish | Vol 1.4x | FVG | ChoCH | Engulfing | BullWick | Zone:FVG | MTF 15 | Risk x1.15,BOS+2 | BodyStrong+1 | 1hN+1 | 4h+2 | Vol+1 | RSI+1 | BTC+2 | FVG+1 | ChoCH+1 | Engulfing+1 | BullWick+1 | Zone:FVG+1 | Sess:OFF_HOURS | QualityRisk:1.15,0,0,-1.0,bull,0.4418,0,3.6746,0.0526,1.3937,-1,0.0,1.3029,0.8378,10.0,0.4034,0.685,1.0,0.6124,0.984375,10543,0,1,0.342,0.259,1,2.079,1
ETHUSDT,10591,10605,1784550600,1784564100,LONG,TRAIL,1869.59,1891.41287864,2051.44732196,1833.21853561,0.7973197666457777,0.7770799694628411,0.020239797182936562,14,11.4,69.88,0.7813411078717302,0.005719775891734092,1.6648283934953974,base,adaptive disabled,1.0,80.0,60,100,90,80,OVERLAP,neutral,bullish,FVG,BOS bullish | Vol 11.4x | FVG | LiqSweep | ChoCH | Session:OVERLAP | Zone:FVG | MTF 14,BOS+2 | BodyStrong+1 | 1hN+1 | 4h+2 | Vol+2 | BTC+2 | FVG+1 | LiqSweep+1 | ChoCH+1 | Zone:FVG+1 | Sess:OVERLAP,0,0,-1.0,range,0.5664,0,3.9977,0.1765,0.8526,-1,0.0,0.5111,1.448,2.339,0.3402,3.973,1.0,0.8013,0.984375,10588,1,5,2.665,0.735,1,0.795,0
BTCUSDT,10606,10688,1784564100,1784638800,LONG,TRAIL,65310.4,66454.52496543,74844.77471193,63403.52505761,0.12245575591198922,0.11956591511671752,0.002889840795271702,15,2.2,71.41,0.4988290398126472,0.006078140463804498,2.4403205428221724,base,adaptive disabled,1.0,82.5,90,90,70,80,NEW_YORK,bullish,bullish,FVG,BOS bullish | Vol 2.2x | FVG | ChoCH | BullWick | Session:NEW_YORK | StrongTrend1h | Zone:FVG | MTF 15,BOS+2 | 1h+2 | 4h+2 | Vol+2 | BTC+2 | FVG+1 | ChoCH+1 | BullWick+1 | Zone:FVG+1 | Sess:NEW_YORK | Strong1h+1,0,1,-1.0,bear,0.1518,0,4.7758,0.1111,2.6768,-1,0.0,0.189,1.0733,3.411,0.25,2.721,1.0,0.1669,0.2109375,10606,0,4,2.628,0.08,1,0.809,2
BTCUSDT,10691,10694,1784640600,1784644200,LONG,TRAIL,66227.3,66704.13656,70200.938,65432.5724,0.28660763763583424,0.27410763763583434,0.012499999999999914,15,1.38,60.9,0.4026779882429918,0.002319107769268816,1.1407542344082087,base,adaptive disabled,1.15,84.5,90,100,70,80,NEW_YORK,bullish,bullish,FVG,BOS bullish | Vol 1.4x | FVG | ChoCH | Session:NEW_YORK | StrongTrend1h | Zone:FVG | MTF 15 | Risk x1.15,BOS+2 | BodyStrong+1 | 1h+2 | 4h+2 | Vol+1 | RSI+1 | BTC+2 | FVG+1 | ChoCH+1 | Zone:FVG+1 | Sess:NEW_YORK | Strong1h+1 | QualityRisk:1.15,0,0,-1.0,bull,0.4106,0,2.6269,0.0526,1.3905,-1,0.0,0.0106,1.2954,0.0,0.2149,0.791,1.0,0.3034,0.375,10691,6,4,0.084,-1.0,0,1.743,7
BTCUSDT,10737,10784,1784682000,1784725200,LONG,SL,66433.4,66911.72048,70419.404,65636.1992,-0.23221094359162728,-0.23924219359162735,0.007031250000000075,20,2.4,66.08,0.5383828045035969,0.0018966580801735783,0.9945919164816145,base,adaptive disabled,1.15,90.5,90,100,90,80,OFF_HOURS,bullish,bullish,FVG,BOS bullish | Vol 2.4x | FVG | ChoCH | Engulfing | BullWick | StrongTrend1h | Zone:FVG | MTF 20 | Risk x1.15,BOS+2 | BodyStrong+1 | 1h+2 | 4h+2 | Vol+2 | RSI+1 | BTC+2 | FVG+1 | ChoCH+1 | Engulfing+1 | BullWick+1 | Zone:FVG+1 | Sess:OFF_HOURS | Strong1h+1 | NestedOB_1h+2 | QualityRisk:1.15,0,0,-1.0,range,0.3677,0,2.8046,0.1765,0.5197,-1,0.0,1.2333,0.2371,5.586,0.3948,2.002,1.0,0.0517,0.2109375,10734,0,1,1.279,2.334,1,1.021,1
ETHUSDT,10738,10790,1784682900,1784730600,LONG,TRAIL,1926.41,1940.280152,2041.9946,1903.29308,0.21753546752767666,0.20347296752767674,0.0140624999999999,18,4.25,68.87,0.4114713216957599,0.0037697694804342866,1.463348355345452,base,adaptive disabled,1.0,90.5,90,100,90,80,OFF_HOURS,bullish,bullish,FVG,BOS bullish | Vol 4.2x | FVG | LiqSweep | ChoCH | Engulfing | BullWick | StrongTrend1h | Zone:FVG | MTF 18,BOS+2 | BodyStrong+1 | 1h+2 | 4h+2 | Vol+2 | BTC+2 | FVG+1 | LiqSweep+1 | ChoCH+1 | Engulfing+1 | BullWick+1 | Zone:FVG+1 | Sess:OFF_HOURS | Strong1h+1,0,0,-1.0,range,0.5445,0,4.6012,0.25,0.3245,-1,0.0,0.7484,2.2155,1.691,0.3725,2.24,1.0,0.132,0.421875,10734,0,1,2.352,1.783,1,1.217,0
BTCUSDT,10802,10879,1784740500,1784810700,LONG,SL,66084.3,66578.02567805,70198.68065043,65261.42386991,-0.816727573476336,-0.8378086671132393,0.021081093636903397,13,1.77,60.12,0.6076975676467703,0.0038402173845487227,1.7756319584288118,base,adaptive disabled,1.0,68.0,60,100,50,80,NEW_YORK,neutral,bullish,FVG,BOS bullish | Vol 1.8x | FVG | ChoCH | BullWick | Session:NEW_YORK | Zone:FVG | MTF 13,BOS+2 | 1hN+1 | 4h+2 | Vol+1 | RSI+1 | BTC+2 | FVG+1 | ChoCH+1 | BullWick+1 | Zone:FVG+1 | Sess:NEW_YORK,0,0,-1.0,bull,0.2849,0,2.708,0.1765,1.4096,-1,0.0,1.2842,0.3498,0.0,0.0344,2.464,-1.0,-0.0766,0.65625,10801,0,1,0.051,2.451,1,0.616,0
ETHUSDT,10822,10879,1784758500,1784810700,LONG,SL,1931.75,1945.6586,2047.655,1908.569,-0.7202018894784525,-0.7389518894784525,0.018749999999999968,16,1.33,57.57,0.5324675324675346,0.0027272362059288517,0.8887132108403951,base,adaptive disabled,1.15,84.5,90,100,70,80,DEAD_ZONE,bullish,bullish,FVG,BOS bullish | Vol 1.3x | FVG | LiqSweep | ChoCH | StrongTrend1h | Zone:FVG | MTF 16 | Risk x1.15,BOS+2 | BodyStrong+1 | 1h+2 | 4h+2 | Vol+1 | RSI+1 | BTC+2 | FVG+1 | LiqSweep+1 | ChoCH+1 | Zone:FVG+1 | Sess:DEAD_ZONE | Strong1h+1 | QualityRisk:1.15,0,0,-1.0,range,0.4796,0,2.1013,-1.0,-1.0,-1,0.0,1.339,0.5256,0.0,0.2717,1.473,-1.0,0.4253,0.5625,10821,0,1,1.33,0.74,1,0.747,4
BTCUSDT,11027,11205,1784943000,1785104100,SHORT,SL,64058.7,63597.47736,60215.178,64827.4044,-0.16327531001351098,-0.167230388138511,0.0039550781249999886,16,1.73,33.7,0.6745680996384109,0.0016836008880151694,1.1797271408465426,base,adaptive disabled,1.25,78.5,90,100,50,80,OFF_HOURS,bearish,bearish,FVG,BOS bearish | Vol 1.7x | FVG | ChoCH | Engulfing | BearWick | StrongTrend1h | Zone:FVG | MTF 16 | Risk x1.25,BOS+2 | 1h+2 | 4h+2 | Vol+1 | RSI+1 | BTC+2 | FVG+1 | ChoCH+1 | Engulfing+1 | BearWick+1 | Zone:FVG+1 | Sess:OFF_HOURS | Strong1h+1 | QualityRisk:1.15 | TrendPairRisk:1.25,0,0,-1.0,range,0.44,0,2.2082,0.1111,1.2222,-1,0.0,1.445,0.7062,9.225,-0.107,0.895,1.0,-0.1697,0.11865234375,11026,1,2,1.531,4.059,1,0.864,3
ETHUSDT,11486,11654,1785356100,1785508200,SHORT,TRAIL,1886.75,1852.39309036,1600.44241965,1944.01151607,0.5551285083185904,0.5386536563631033,0.016474851955487188,16,2.72,38.48,0.20576073007271944,0.006673290406474386,1.703294250532595,base,adaptive disabled,1.15,81.3,90,84,70,80,DEAD_ZONE,bearish,bearish,FVG,BOS bearish | Vol 2.7x | FVG | LiqSweep | ChoCH | StrongTrend1h | Zone:FVG | MTF 16 | Risk x1.15,BOS+2 | 1h+2 | 4h+2 | Vol+2 | RSI+1 | BTC+2 | FVG+1 | LiqSweep+1 | ChoCH+1 | Zone:FVG+1 | Sess:DEAD_ZONE | Strong1h+1 | TrendPairRisk:1.15,0,1,-1.0,bull,0.1845,6,4.279,0.0526,2.6036,-1,0.0,0.8114,1.1989,0.0,-0.0025,3.029,1.0,-0.1219,1.25,11486,0,1,0.562,0.037,1,0.898,5
BTCUSDT,11591,11601,1785450600,1785460500,LONG,TP1,64800.1,65266.66072,68688.106,64022.4988,0.0,-0.012500000000000044,0.012500000000000044,16,2.15,62.81,0.4211946050096252,0.0025135823194638858,1.482679035194081,base,adaptive disabled,1.0,90.5,90,100,90,80,DEAD_ZONE,bullish,bullish,FVG,BOS bullish | Vol 2.1x | FVG | ChoCH | Engulfing | StrongTrend1h | Zone:FVG | MTF 16,BOS+2 | BodyStrong+1 | 1h+2 | 4h+2 | Vol+2 | RSI+1 | BTCok+1 | FVG+1 | ChoCH+1 | Engulfing+1 | Zone:FVG+1 | Sess:DEAD_ZONE | Strong1h+1,0,0,-1.0,range,0.3238,2,2.8761,0.0526,2.1193,-1,0.0,0.2662,1.1784,0.0,0.0854,2.308,1.0,0.1021,0.375,11591,0,1,0.707,1.261,1,0.931,1
BTCUSDT,11603,11607,1785461400,1785465900,LONG,SL,64930.7,65398.20104,68826.542,64151.5316,-0.2916932013669973,-0.3010682013669973,0.00937500000000006,14,1.36,65.35,0.37057400483835734,0.005253590009918158,2.950025439487674,base,adaptive disabled,1.0,76.5,90,90,50,80,OFF_HOURS,bullish,bullish,FVG,BOS bullish | Vol 1.4x | FVG | ChoCH | BullWick | StrongTrend1h | Zone:FVG | MTF 14,BOS+2 | 1h+2 | 4h+2 | Vol+1 | RSI+1 | BTCok+1 | FVG+1 | ChoCH+1 | BullWick+1 | Zone:FVG+1 | Sess:OFF_HOURS | Strong1h+1,0,0,-1.0,range,0.5369,2,4.5243,0.1111,5.4915,-1,0.0,1.0575,0.3354,5.161,0.1612,1.183,1.0,0.3746,0.28125,11603,0,1,0.565,3.166,0,1.146,1
ETHUSDT,11838,11873,1785672900,1785705300,SHORT,SL,1856.46,1841.92580244,1735.34168702,1880.6836626,-2.1681279527068793,-2.2294385820912237,0.06131062938434448,13,1.75,33.6,0.4659170765987379,0.00459097432994364,2.6377541591896074,base,adaptive disabled,1.0,72.0,60,90,70,80,OVERLAP,neutral,bearish,FVG,BOS bearish | Vol 1.8x | FVG | ChoCH | Session:OVERLAP | Zone:FVG | MTF 13,BOS+2 | BodyStrong+1 | 1hN+1 | 4h+2 | Vol+1 | RSI+1 | BTC+2 | FVG+1 | ChoCH+1 | Zone:FVG+1 | Sess:OVERLAP,0,0,-1.0,range,0.3298,0,4.5361,0.1111,2.1405,-1,0.0,1.1427,0.4789,1.727,-0.1507,1.565,1.0,-0.4128,2.0,11838,1,3,1.935,0.273,1,1.115,5
BTCUSDT,12001,12127,1785819600,1785933900,LONG,TRAIL,63935.1,64446.71964997,68198.5970831,63082.40058338,0.23881693657913197,0.2261641213963018,0.012652815182830181,14,10.68,64.65,0.41122510561254927,0.0026359530562188233,1.320864903671786,base,adaptive disabled,1.0,75.8,65,100,70,80,OFF_HOURS,bullish,neutral,FVG,BOS bullish | Vol 10.7x | FVG | ChoCH | StrongTrend1h | Zone:FVG | MTF 14,BOS+2 | 1h+2 | 4hN+1 | Vol+2 | RSI+1 | BTC+2 | FVG+1 | ChoCH+1 | Zone:FVG+1 | Sess:OFF_HOURS | Strong1h+1,0,0,-1.0,bull,0.2267,0,3.5373,0.0526,10.3955,-1,0.0,0.6886,1.0907,2.032,-0.1682,7.038,-1.0,-0.0427,0.421875,12001,0,1,0.582,0.253,1,1.517,3
BTCUSDT,12195,12321,1785994200,1786108500,LONG,TRAIL,64769.5,65235.8404,68655.67,63992.266,0.10910083063787784,0.10206958063787781,0.0070312500000000305,16,1.64,66.03,0.5486037469070212,0.0024813958492021057,1.6679524598516262,base,adaptive disabled,1.0,78.5,90,100,50,80,OFF_HOURS,bullish,bullish,FVG,BOS bullish | Vol 1.6x | FVG | ChoCH | StrongTrend1h | Zone:FVG | MTF 16,BOS+2 | 1h+2 | 4h+2 | Vol+1 | RSI+1 | BTC+2 | FVG+1 | ChoCH+1 | Zone:FVG+1 | Sess:OFF_HOURS | Strong1h+1 | NestedOB_1h+2,0,0,-1.0,range,0.1965,0,4.7861,0.0526,1.5833,-1,0.0,0.9257,1.0765,0.0,0.0346,1.551,1.0,0.1053,0.2109375,12195,0,4,2.223,1.244,1,1.058,2
ETHUSDT,12197,12318,1785996000,1786105800,LONG,TRAIL,1907.55,1921.28436,2022.003,1884.6594,0.7535844407748176,0.7285844407748174,0.025000000000000057,19,1.41,61.61,0.6299376299376255,0.003469775287064771,1.4850324930643473,base,adaptive disabled,1.0,84.5,90,100,70,80,OFF_HOURS,bullish,bullish,FVG,BOS bullish | Vol 1.4x | FVG | LiqSweep | MACD_Div | ChoCH | Engulfing | BullWick | StrongTrend1h | Zone:FVG | MTF 19,BOS+2 | BodyStrong+1 | 1h+2 | 4h+2 | Vol+1 | RSI+1 | BTC+2 | FVG+1 | LiqSweep+1 | MACD_Div+1 | ChoCH+1 | Engulfing+1 | BullWick+1 | Zone:FVG+1 | Sess:OFF_HOURS | Strong1h+1,0,1,-1.0,bear,0.3057,2,2.8548,0.1765,0.9746,-1,0.0,0.8104,1.9251,0.0,0.119,2.651,1.0,0.0817,0.75,12196,1,2,0.609,2.838,0,0.548,1
ETHUSDT,12321,12512,1786107600,1786280400,LONG,EXPIRED,1924.67,1943.28276734,2079.77639449,1893.6487211,-0.16790893814503566,-0.1818687349476104,0.01395979680257478,14,2.68,69.6,0.46385110952040126,0.008329709118349017,4.586597093757635,base,adaptive disabled,1.0,80.5,90,80,70,80,OVERLAP,bullish,bullish,FVG,BOS bullish | Vol 2.7x | FVG | ChoCH | Session:OVERLAP | StrongTrend1h | Zone:FVG | MTF 14,BOS+2 | 1h+2 | 4h+2 | Vol+2 | BTC+2 | FVG+1 | ChoCH+1 | Zone:FVG+1 | Sess:OVERLAP | Strong1h+1,0,0,-1.0,bull,0.3803,1,4.6607,0.1111,1.4343,-1,0.0,0.7089,0.3739,1.134,0.1717,0.751,1.0,0.5569,0.5625,12320,1,2,1.727,-1.0,0,1.089,0
ETHUSDT,12551,12608,1786314600,1786366800,LONG,SL,1926.51,1940.380872,2042.1006,1903.39188,-0.743131564655773,-0.767740939655773,0.02460937499999991,13,1.91,63.47,0.3499562554680715,0.003851463140843943,4.767167138691252,base,adaptive disabled,1.0,70.0,60,80,70,80,DEAD_ZONE,neutral,bullish,FVG,BOS bullish | Vol 1.9x | FVG | ChoCH | Zone:FVG | MTF 13,BOS+2 | BodyStrong+1 | 1hN+1 | 4h+2 | Vol+1 | RSI+1 | BTC+2 | FVG+1 | ChoCH+1 | Zone:FVG+1 | Sess:DEAD_ZONE,0,1,-1.0,bear,0.4221,0,5.7955,0.0526,1.8211,-1,0.0,1.052,0.1384,0.0,0.1674,0.693,1.0,0.3368,0.73828125,12551,0,4,2.382,4.223,1,2.749,1
ETHUSDT,12830,12911,1786565700,1786639500,SHORT,TP1,1877.99,1864.468472,1765.3106,1900.52588,0.0,-0.058333333333333584,0.058333333333333584,13,2.45,31.92,0.5060565275908578,0.0024801648923519462,1.0346511462715384,base,adaptive disabled,1.15,74.0,60,100,70,80,DEAD_ZONE,neutral,bearish,FVG,BOS bearish | Vol 2.5x | FVG | ChoCH | Engulfing | BearWick | Zone:FVG | MTF 13 | Risk x1.15,BOS+2 | 1hN+1 | 4h+2 | Vol+2 | BTCok+1 | FVG+1 | ChoCH+1 | Engulfing+1 | BearWick+1 | Zone:FVG+1 | Sess:DEAD_ZONE | QualityRisk:1.15,0,0,-1.0,bear,0.172,0,2.2878,0.1111,3.3076,-1,0.0,0.8577,1.2462,1.656,-0.0886,2.411,-1.0,0.0206,1.75,12830,1,4,0.963,0.304,1,1.015,2
BTCUSDT,12892,12912,1786621500,1786640400,SHORT,TRAIL,63388.9,62932.49992,59585.566,64149.5668,0.41290253498640855,0.3910275349864086,0.021875000000000026,14,3.48,37.1,0.22913360837829863,0.002066598734542463,1.5721045676505232,base,adaptive disabled,1.0,71.4,60,87,70,80,OVERLAP,neutral,bearish,FVG,BOS bearish | Vol 3.5x | FVG | ChoCH | Engulfing | Session:OVERLAP | Zone:FVG | MTF 14,BOS+2 | 1hN+1 | 4h+2 | Vol+2 | RSI+1 | BTC+2 | FVG+1 | ChoCH+1 | Engulfing+1 | Zone:FVG+1 | Sess:OVERLAP,0,0,-1.0,bear,0.2235,0,3.5771,0.0526,3.4216,-1,0.0,0.6851,1.3552,1.021,-0.1928,2.395,1.0,-0.1466,0.65625,12892,0,1,1.123,1.613,1,1.453,2
BTCUSDT,12995,13186,1786714200,1786887000,SHORT,EXPIRED,62755.1,62303.26328,58989.794,63508.1612,-0.08511509423138529,-0.09449009423138524,0.009374999999999955,16,4.6,32.72,0.3914257228315113,0.0020522714880644474,1.4352339151111062,base,adaptive disabled,1.15,84.5,90,100,70,80,NEW_YORK,bearish,bearish,FVG,BOS bearish | Vol 4.6x | FVG | ChoCH | Engulfing | Session:NEW_YORK | StrongTrend1h | Zone:FVG | MTF 16 | Risk x1.15,BOS+2 | 1h+2 | 4h+2 | Vol+2 | RSI+1 | BTC+2 | FVG+1 | ChoCH+1 | Engulfing+1 | Zone:FVG+1 | Sess:NEW_YORK | Strong1h+1 | TrendPairRisk:1.15,0,0,-1.0,range,0.6011,0,2.9726,0.1111,4.0563,-1,0.0,0.5689,0.6122,6.84,-0.129,3.236,1.0,-0.3827,0.28125,12994,14,1,0.611,-1.0,0,1.504,3
ETHUSDT,13276,13324,1786967100,1787011200,LONG,TRAIL,1900.41,1914.092952,2014.4346,1877.60508,0.4439831404802114,0.4064831404802115,0.037499999999999936,17,2.89,64.89,0.5153949129852705,0.0038378505984611893,2.017323524296727,base,adaptive disabled,1.0,82.5,90,90,70,80,LONDON,bullish,bullish,FVG,BOS bullish | Vol 2.9x | FVG | LiqSweep | ChoCH | BullWick | Session:LONDON | StrongTrend1h | Zone:FVG | MTF 17,BOS+2 | 1h+2 | 4h+2 | Vol+2 | RSI+1 | BTC+2 | FVG+1 | LiqSweep+1 | ChoCH+1 | BullWick+1 | Zone:FVG+1 | Sess:LONDON | Strong1h+1,0,1,-1.0,bear,0.4238,1,4.0289,-1.0,-1.0,-1,0.0,0.3486,1.0919,0.0,0.2936,2.141,1.0,0.4547,1.125,13273,0,2,2.176,0.414,1,0.305,0
BTCUSDT,13325,13382,1787011200,1787063400,LONG,TP1,64351.1,64814.42792,68212.166,63578.8868,0.0,-0.009375000000000019,0.009375000000000019,14,1.84,65.0,0.25673689367956454,0.001599206579804758,0.9850362664397225,base,adaptive disabled,1.15,76.5,90,90,50,80,DEAD_ZONE,bullish,bullish,FVG,BOS bullish | Vol 1.8x | FVG | ChoCH | Engulfing | StrongTrend1h | Zone:FVG | MTF 14 | Risk x1.15,BOS+2 | 1h+2 | 4h+2 | Vol+1 | RSI+1 | BTCok+1 | FVG+1 | ChoCH+1 | Engulfing+1 | Zone:FVG+1 | Sess:DEAD_ZONE | Strong1h+1 | QualityRisk:1.15,0,0,-1.0,range,0.3723,1,3.179,0.0526,1.1213,-1,0.0,0.5596,1.2043,0.0,0.0242,1.696,-1.0,-0.2324,0.28125,13324,0,1,0.696,0.401,1,1.143,0
ETHUSDT,13354,13382,1787037300,1787063400,LONG,TP1,1897.07,1910.728904,2010.8942,1874.30516,0.0,-0.03281249999999993,0.03281249999999993,16,1.45,61.79,0.6305655836341809,0.002617869432061864,1.5223469439086694,base,adaptive disabled,1.0,74.0,60,100,70,80,OFF_HOURS,neutral,bullish,FVG,BOS bullish | Vol 1.4x | FVG | LiqSweep | ChoCH | Zone:FVG | MTF 16,BOS+2 | BodyStrong+1 | 1hN+1 | 4h+2 | Vol+1 | RSI+1 | BTC+2 | FVG+1 | LiqSweep+1 | ChoCH+1 | Zone:FVG+1 | Sess:OFF_HOURS | NestedOB_1h+2,0,0,-1.0,range,0.313,0,3.4567,0.1765,1.2105,-1,0.0,0.3031,1.4211,0.0,0.1522,0.828,-1.0,-0.0442,0.984375,13352,0,1,1.741,0.792,1,0.355,0
BTCUSDT,13384,13476,1787064300,1787148000,LONG,TRAIL,64587.3,65063.53624228,68555.93535231,63793.57292954,0.15630864924147764,0.1448656867918837,0.011442962449593943,16,6.5,65.93,0.34005995466841926,0.006536021472139005,5.668320459405317,base,adaptive disabled,1.0,86.5,90,80,90,80,NEW_YORK,bullish,bullish,FVG,BOS bullish | Vol 6.5x | FVG | ChoCH | Session:NEW_YORK | StrongTrend1h | Zone:FVG | MTF 16,BOS+2 | BodyStrong+1 | 1h+2 | 4h+2 | Vol+2 | RSI+1 | BTC+2 | FVG+1 | ChoCH+1 | Zone:FVG+1 | Sess:NEW_YORK | Strong1h+1,0,0,-1.0,range,0.355,0,6.3717,0.0526,6.2627,-1,0.0,0.6464,1.1095,3.188,0.147,2.874,1.0,0.2073,0.3515625,13384,0,1,2.19,-1.0,0,2.262,4
ETHUSDT,13385,13456,1787065200,1787130000,LONG,TRAIL,1908.0,1921.80209987,2023.01749892,1884.99650022,1.148520888241988,1.0821657677343208,0.06635512050766713,16,2.21,62.46,0.267581955729901,0.007069457384478325,4.048861368589542,base,adaptive disabled,1.0,68.4,60,72,70,80,NEW_YORK,neutral,bullish,FVG,BOS bullish | Vol 2.2x | FVG | ChoCH | Engulfing | Session:NEW_YORK | Zone:FVG | MTF 16,BOS+2 | 1hN+1 | 4h+2 | Vol+2 | RSI+1 | BTC+2 | FVG+1 | ChoCH+1 | Engulfing+1 | Zone:FVG+1 | Sess:NEW_YORK | NestedOB_1h+2,0,0,-1.0,range,0.4003,0,5.7466,0.1111,6.1563,-1,0.0,0.2004,1.3563,1.876,-0.114,1.77,-1.0,-0.1956,2.0,13385,1,2,1.081,0.292,1,1.251,0
ETHUSDT,13458,13473,1787130900,1787145300,LONG,TRAIL,1918.41,1932.222552,2033.5146,1895.38908,0.7726124759566435,0.7351124759566438,0.03749999999999974,16,3.05,60.47,0.34641873278237284,0.0034788527011897882,2.3556273875611344,base,adaptive disabled,1.0,82.5,90,90,70,80,LONDON,bullish,bullish,FVG,BOS bullish | Vol 3.0x | FVG | ChoCH | Engulfing | Session:LONDON | StrongTrend1h | Zone:FVG | MTF 16,BOS+2 | 1h+2 | 4h+2 | Vol+2 | RSI+1 | BTC+2 | FVG+1 | ChoCH+1 | Engulfing+1 | Zone:FVG+1 | Sess:LONDON | Strong1h+1,0,0,-1.0,bull,0.3562,1,3.5898,0.1765,2.3769,-1,0.0,0.172,1.6297,9.581,-0.0836,4.705,1.0,0.2235,1.125,13458,1,2,0.132,0.185,1,0.649,0
BTCUSDT,13545,13549,1787209200,1787213700,LONG,TP1,69643.4,70296.77946763,75088.22889693,68554.43422061,0.0,-0.0071947922040202636,0.0071947922040202636,19,2.15,66.0,0.49328791825286533,0.003405403803097677,0.9960928724366813,base,adaptive disabled,1.15,90.5,90,100,90,80,OFF_HOURS,bullish,bullish,FVG,BOS bullish | Vol 2.1x | FVG | ChoCH | Engulfing | StrongTrend1h | Zone:FVG | MTF 19 | Risk x1.15,BOS+2 | BodyStrong+1 | 1h+2 | 4h+2 | Vol+2 | RSI+1 | BTC+2 | FVG+1 | ChoCH+1 | Engulfing+1 | Zone:FVG+1 | Sess:OFF_HOURS | Strong1h+1 | NestedOB_1h+2 | QualityRisk:1.15,0,1,-1.0,bear,0.1527,3,2.6817,0.0526,2.1431,-1,0.0,0.2373,2.4589,0.0,-0.0455,3.025,1.0,0.0217,0.28125,13545,0,1,0.923,0.015,1,0.71,2
ETHUSDT,13551,13584,1787214600,1787245200,LONG,TRAIL,2268.18,2338.28,2540.80854622,2213.65429076,2.009860376462678,1.9864612998108877,0.02339907665179058,18,4.07,64.21,0.3664890467732333,0.008629426500792745,1.691591541209913,base,adaptive disabled,1.0,84.5,90,100,70,80,LONDON,bullish,bullish,FVG,BOS bullish | Vol 4.1x | FVG | LiqSweep | ChoCH | BullWick | Session:LONDON | StrongTrend1h | Zone:FVG | MTF 18,BOS+2 | 1h+2 | 4h+2 | Vol+2 | RSI+1 | BTCok+1 | FVG+1 | LiqSweep+1 | ChoCH+1 | BullWick+1 | Zone:FVG+1 | Sess:LONDON | Strong1h+1 | NestedOB_1h+2,0,0,-1.0,range,0.3154,0,3.4118,0.1111,6.1988,-1,0.0,0.2784,1.2787,2.277,0.2082,3.667,1.0,0.1183,1.40625,13551,0,1,0.95,4.977,1,1.109,2
ETHUSDT,13638,13643,1787292900,1787298300,LONG,TRAIL,2362.3,2385.96934509,2559.54454245,2322.85109151,0.33670133112471284,0.31873657551735185,0.017964755607360987,15,3.68,62.98,0.28576696165191856,0.005330980673644892,1.1220675187610418,base,adaptive disabled,1.15,83.3,90,94,70,80,OFF_HOURS,bullish,bullish,FVG,BOS bullish | Vol 3.7x | FVG | ChoCH | StrongTrend1h | Zone:FVG | MTF 15 | Risk x1.15,BOS+2 | 1h+2 | 4h+2 | Vol+2 | RSI+1 | BTC+2 | FVG+1 | ChoCH+1 | Zone:FVG+1 | Sess:OFF_HOURS | Strong1h+1 | QualityRisk:1.15,0,0,-1.0,range,0.3851,0,2.4628,9.0,0.3448,-1,0.0,0.2314,1.4876,4.429,-0.1404,2.953,1.0,0.2125,0.75,13638,0,5,0.887,1.35,1,1.245,2
ETHUSDT,13651,13698,1787304600,1787347800,LONG,TRAIL,2408.36,2458.93556,2829.823,2324.0674,0.9364997639175846,0.9136426210604418,0.022857142857142798,16,5.87,58.51,0.20042361662695463,0.01953222383451082,3.5557113358182,base,adaptive disabled,1.15,83.3,90,64,90,80,LONDON,bullish,bullish,FVG,BOS bullish | Vol 5.9x | FVG | ChoCH | Session:LONDON | StrongTrend1h | Zone:FVG | MTF 16 | Risk x1.15,BOS+2 | BodyStrong+1 | 1h+2 | 4h+2 | Vol+2 | RSI+1 | BTC+2 | FVG+1 | ChoCH+1 | Zone:FVG+1 | Sess:LONDON | Strong1h+1 | QualityRisk:1.15,0,0,-1.0,bull,0.3775,0,3.7486,0.1765,4.0205,-1,0.0,0.6318,1.5911,1.269,0.0653,1.743,1.0,0.0307,2.0,13650,1,2,0.036,-1.0,0,0.764,0
ETHUSDT,13891,13959,1787520600,1787582700,LONG,TRAIL,2464.71,2525.33,2684.5016784,2420.75166432,0.36471591654900576,0.3576196547240403,0.007096261824965453,14,1.56,71.81,0.5444444444444477,0.00498601761748434,1.4510668407770297,base,adaptive disabled,1.0,84.5,90,100,70,80,DEAD_ZONE,bullish,bullish,FVG,BOS bullish | Vol 1.6x | FVG | ChoCH | StrongTrend1h | Zone:FVG | MTF 14,BOS+2 | BodyStrong+1 | 1h+2 | 4h+2 | Vol+1 | BTC+2 | FVG+1 | ChoCH+1 | Zone:FVG+1 | Sess:DEAD_ZONE | Strong1h+1,0,0,-1.0,range,0.2975,5,4.1021,0.0526,1.5183,-1,0.0,0.9559,1.0714,10.0,0.2275,1.179,1.0,0.0254,0.31640625,13891,0,1,2.144,0.795,1,1.326,4
BTCUSDT,13892,13952,1787521500,1787576400,LONG,TRAIL,77647.6,78695.4,82306.456,76715.8288,0.4146135875416601,0.40211358754166016,0.012499999999999963,18,2.8,57.62,0.21441711521427928,0.005003370969084517,2.1644694932617496,base,adaptive disabled,1.15,85.5,90,75,90,80,DEAD_ZONE,bullish,bullish,FVG,BOS bullish | Vol 2.8x | FVG | ChoCH | StrongTrend1h | Zone:FVG | MTF 18 | Risk x1.15,BOS+2 | BodyStrong+1 | 1h+2 | 4h+2 | Vol+2 | RSI+1 | BTC+2 | FVG+1 | ChoCH+1 | Zone:FVG+1 | Sess:DEAD_ZONE | Strong1h+1 | NestedOB_1h+2 | QualityRisk:1.15,0,0,-1.0,bull,0.382,0,3.7377,0.0526,2.7726,-1,0.0,1.0905,1.577,0.0,0.3039,1.144,1.0,0.2406,0.375,13892,1,2,0.634,0.964,1,2.448,2
BTCUSDT,13956,13958,1787579100,1787581800,LONG,TRAIL,78050.3,79008.54360436,86035.66336966,76453.22732607,0.3370884094931283,0.3274669607867975,0.009621448706330752,16,1.47,64.76,0.40936439719520745,0.00592999087269373,1.7867182670714987,base,adaptive disabled,1.0,84.5,90,100,70,80,OVERLAP,bullish,bullish,FVG,BOS bullish | Vol 1.5x | FVG | ChoCH | BullWick | Session:OVERLAP | StrongTrend1h | Zone:FVG | MTF 16,BOS+2 | BodyStrong+1 | 1h+2 | 4h+2 | Vol+1 | RSI+1 | BTC+2 | FVG+1 | ChoCH+1 | BullWick+1 | Zone:FVG+1 | Sess:OVERLAP | Strong1h+1,0,0,-1.0,bull,0.5565,0,4.4995,0.1765,1.8001,-1,0.0,0.1805,1.6339,0.0,0.3458,0.911,1.0,0.2164,0.4921875,13951,2,3,1.329,0.959,1,2.603,0
